Node,NumThreads,Load,Algorithm,Time
B,1,100,Algoritmo_1,4.557
,,,,
B,1,100,Algoritmo_1,6.586
,,,,
B,1,100,Algoritmo_1,6.113
,,,,
B,1,100,Algoritmo_1,5.982
,,,,
B,1,100,Algoritmo_1,6.633
,,,,
B,1,100,Algoritmo_1,5.150
,,,,
B,1,100,Algoritmo_1,4.560
,,,,
B,1,100,Algoritmo_1,7.113
,,,,
B,1,100,Algoritmo_1,7.864
,,,,
B,1,100,Algoritmo_1,7.871
,,,,
B,1,100,Algoritmo_1,6.721
,,,,
B,1,100,Algoritmo_1,4.552
,,,,
B,1,100,Algoritmo_1,4.580
,,,,
B,1,100,Algoritmo_1,7.325
,,,,
B,1,100,Algoritmo_1,8.526
,,,,
B,1,100,Algoritmo_1,6.772
,,,,
B,1,100,Algoritmo_1,7.806
,,,,
B,1,100,Algoritmo_1,4.567
,,,,
B,1,100,Algoritmo_1,8.574
,,,,
B,1,100,Algoritmo_1,7.630
,,,,
B,1,100,Algoritmo_1,4.587
,,,,
B,1,100,Algoritmo_1,4.553
,,,,
B,1,100,Algoritmo_1,6.594
,,,,
B,1,100,Algoritmo_1,7.847
,,,,
B,1,100,Algoritmo_1,7.902
,,,,
B,1,100,Algoritmo_1,6.259
,,,,
B,1,100,Algoritmo_1,4.535
,,,,
B,1,100,Algoritmo_1,4.535
,,,,
B,1,100,Algoritmo_1,4.537
,,,,
B,1,100,Algoritmo_1,4.543
,,,,
B,1,100,Algoritmo_1,7.875
,,,,
B,1,100,Algoritmo_1,4.541
,,,,
B,1,100,Algoritmo_1,4.566
,,,,
B,1,100,Algoritmo_1,4.550
,,,,
B,1,100,Algoritmo_1,6.735
,,,,
B,1,100,Algoritmo_1,7.893
,,,,
B,2,100,Algoritmo_1,4.141
,,,,
B,2,100,Algoritmo_1,3.610
,,,,
B,2,100,Algoritmo_1,3.456
,,,,
B,2,100,Algoritmo_1,4.092
,,,,
B,2,100,Algoritmo_1,4.166
,,,,
B,2,100,Algoritmo_1,4.136
,,,,
B,2,100,Algoritmo_1,4.112
,,,,
B,2,100,Algoritmo_1,3.381
,,,,
B,2,100,Algoritmo_1,4.087
,,,,
B,2,100,Algoritmo_1,3.766
,,,,
B,2,100,Algoritmo_1,3.448
,,,,
B,2,100,Algoritmo_1,3.088
,,,,
B,2,100,Algoritmo_1,2.434
,,,,
B,2,100,Algoritmo_1,3.549
,,,,
B,2,100,Algoritmo_1,2.467
,,,,
B,2,100,Algoritmo_1,2.449
,,,,
B,2,100,Algoritmo_1,4.093
,,,,
B,2,100,Algoritmo_1,4.121
,,,,
B,2,100,Algoritmo_1,3.570
,,,,
B,2,100,Algoritmo_1,3.394
,,,,
B,2,100,Algoritmo_1,4.115
,,,,
B,2,100,Algoritmo_1,4.082
,,,,
B,2,100,Algoritmo_1,3.327
,,,,
B,2,100,Algoritmo_1,3.330
,,,,
B,2,100,Algoritmo_1,3.233
,,,,
B,2,100,Algoritmo_1,2.375
,,,,
B,2,100,Algoritmo_1,4.060
,,,,
B,2,100,Algoritmo_1,3.490
,,,,
B,2,100,Algoritmo_1,3.365
,,,,
B,2,100,Algoritmo_1,2.527
,,,,
B,2,100,Algoritmo_1,2.456
,,,,
B,2,100,Algoritmo_1,2.381
,,,,
B,2,100,Algoritmo_1,2.408
,,,,
B,2,100,Algoritmo_1,4.070
,,,,
B,2,100,Algoritmo_1,3.825
,,,,
B,2,100,Algoritmo_1,3.510
,,,,
B,4,100,Algoritmo_1,2.191
,,,,
B,4,100,Algoritmo_1,1.858
,,,,
B,4,100,Algoritmo_1,2.011
,,,,
B,4,100,Algoritmo_1,2.003
,,,,
B,4,100,Algoritmo_1,1.984
,,,,
B,4,100,Algoritmo_1,2.051
,,,,
B,4,100,Algoritmo_1,1.844
,,,,
B,4,100,Algoritmo_1,1.972
,,,,
B,4,100,Algoritmo_1,1.835
,,,,
B,4,100,Algoritmo_1,1.928
,,,,
B,4,100,Algoritmo_1,2.036
,,,,
B,4,100,Algoritmo_1,2.058
,,,,
B,4,100,Algoritmo_1,2.079
,,,,
B,4,100,Algoritmo_1,1.967
,,,,
B,4,100,Algoritmo_1,2.042
,,,,
B,4,100,Algoritmo_1,2.007
,,,,
B,4,100,Algoritmo_1,2.031
,,,,
B,4,100,Algoritmo_1,2.017
,,,,
B,4,100,Algoritmo_1,2.051
,,,,
B,4,100,Algoritmo_1,2.009
,,,,
B,4,100,Algoritmo_1,1.969
,,,,
B,4,100,Algoritmo_1,1.999
,,,,
B,4,100,Algoritmo_1,1.959
,,,,
B,4,100,Algoritmo_1,1.821
,,,,
B,4,100,Algoritmo_1,1.846
,,,,
B,4,100,Algoritmo_1,1.891
,,,,
B,4,100,Algoritmo_1,1.865
,,,,
B,4,100,Algoritmo_1,1.869
,,,,
B,4,100,Algoritmo_1,2.008
,,,,
B,4,100,Algoritmo_1,1.981
,,,,
B,4,100,Algoritmo_1,2.012
,,,,
B,4,100,Algoritmo_1,1.939
,,,,
B,4,100,Algoritmo_1,1.988
,,,,
B,4,100,Algoritmo_1,1.937
,,,,
B,4,100,Algoritmo_1,2.064
,,,,
B,4,100,Algoritmo_1,1.873
,,,,
B,8,100,Algoritmo_1,0
B,8,100,Algoritmo_1,0
B,8,100,Algoritmo_1,0
B,8,100,Algoritmo_1,0
B,8,100,Algoritmo_1,0
B,8,100,Algoritmo_1,0
B,8,100,Algoritmo_1,0
B,8,100,Algoritmo_1,0
B,8,100,Algoritmo_1,0
B,8,100,Algoritmo_1,0
B,8,100,Algoritmo_1,0
B,8,100,Algoritmo_1,0
B,8,100,Algoritmo_1,0
B,8,100,Algoritmo_1,0
B,8,100,Algoritmo_1,0
B,8,100,Algoritmo_1,0
B,8,100,Algoritmo_1,0
B,8,100,Algoritmo_1,0
B,8,100,Algoritmo_1,0
B,8,100,Algoritmo_1,0
B,8,100,Algoritmo_1,0
B,8,100,Algoritmo_1,0
B,8,100,Algoritmo_1,0
B,8,100,Algoritmo_1,0
B,8,100,Algoritmo_1,0
B,8,100,Algoritmo_1,0
B,8,100,Algoritmo_1,0
B,8,100,Algoritmo_1,0
B,8,100,Algoritmo_1,0
B,8,100,Algoritmo_1,0
B,8,100,Algoritmo_1,0
B,8,100,Algoritmo_1,0
B,8,100,Algoritmo_1,0
B,8,100,Algoritmo_1,0
B,8,100,Algoritmo_1,0
B,8,100,Algoritmo_1,0
B,1,100,Algoritmo_2,5.833
,,,,
B,1,100,Algoritmo_2,8.209
,,,,
B,1,100,Algoritmo_2,6.781
,,,,
B,1,100,Algoritmo_2,5.114
,,,,
B,1,100,Algoritmo_2,4.673
,,,,
B,1,100,Algoritmo_2,8.103
,,,,
B,1,100,Algoritmo_2,6.744
,,,,
B,1,100,Algoritmo_2,4.923
,,,,
B,1,100,Algoritmo_2,4.719
,,,,
B,1,100,Algoritmo_2,4.686
,,,,
B,1,100,Algoritmo_2,4.676
,,,,
B,1,100,Algoritmo_2,4.693
,,,,
B,1,100,Algoritmo_2,4.688
,,,,
B,1,100,Algoritmo_2,4.677
,,,,
B,1,100,Algoritmo_2,4.708
,,,,
B,1,100,Algoritmo_2,4.694
,,,,
B,1,100,Algoritmo_2,4.686
,,,,
B,1,100,Algoritmo_2,4.681
,,,,
B,1,100,Algoritmo_2,4.663
,,,,
B,1,100,Algoritmo_2,4.693
,,,,
B,1,100,Algoritmo_2,4.686
,,,,
B,1,100,Algoritmo_2,4.672
,,,,
B,1,100,Algoritmo_2,5.827
,,,,
B,1,100,Algoritmo_2,7.111
,,,,
B,1,100,Algoritmo_2,7.986
,,,,
B,1,100,Algoritmo_2,4.665
,,,,
B,1,100,Algoritmo_2,4.688
,,,,
B,1,100,Algoritmo_2,5.089
,,,,
B,1,100,Algoritmo_2,4.690
,,,,
B,1,100,Algoritmo_2,8.133
,,,,
B,1,100,Algoritmo_2,7.499
,,,,
B,1,100,Algoritmo_2,4.672
,,,,
B,1,100,Algoritmo_2,4.680
,,,,
B,1,100,Algoritmo_2,4.677
,,,,
B,1,100,Algoritmo_2,4.685
,,,,
B,1,100,Algoritmo_2,7.684
,,,,
B,2,100,Algoritmo_2,3.609
,,,,
B,2,100,Algoritmo_2,3.502
,,,,
B,2,100,Algoritmo_2,4.155
,,,,
B,2,100,Algoritmo_2,3.412
,,,,
B,2,100,Algoritmo_2,3.460
,,,,
B,2,100,Algoritmo_2,3.421
,,,,
B,2,100,Algoritmo_2,2.430
,,,,
B,2,100,Algoritmo_2,2.492
,,,,
B,2,100,Algoritmo_2,4.130
,,,,
B,2,100,Algoritmo_2,3.852
,,,,
B,2,100,Algoritmo_2,4.194
,,,,
B,2,100,Algoritmo_2,3.595
,,,,
B,2,100,Algoritmo_2,3.181
,,,,
B,2,100,Algoritmo_2,2.484
,,,,
B,2,100,Algoritmo_2,2.420
,,,,
B,2,100,Algoritmo_2,2.422
,,,,
B,2,100,Algoritmo_2,2.461
,,,,
B,2,100,Algoritmo_2,2.529
,,,,
B,2,100,Algoritmo_2,4.214
,,,,
B,2,100,Algoritmo_2,3.549
,,,,
B,2,100,Algoritmo_2,4.518
,,,,
B,2,100,Algoritmo_2,3.568
,,,,
B,2,100,Algoritmo_2,3.571
,,,,
B,2,100,Algoritmo_2,2.462
,,,,
B,2,100,Algoritmo_2,2.471
,,,,
B,2,100,Algoritmo_2,2.443
,,,,
B,2,100,Algoritmo_2,2.451
,,,,
B,2,100,Algoritmo_2,4.149
,,,,
B,2,100,Algoritmo_2,4.258
,,,,
B,2,100,Algoritmo_2,4.189
,,,,
B,2,100,Algoritmo_2,4.165
,,,,
B,2,100,Algoritmo_2,3.569
,,,,
B,2,100,Algoritmo_2,4.141
,,,,
B,2,100,Algoritmo_2,4.220
,,,,
B,2,100,Algoritmo_2,4.381
,,,,
B,2,100,Algoritmo_2,3.523
,,,,
B,4,100,Algoritmo_2,2.194
,,,,
B,4,100,Algoritmo_2,2.024
,,,,
B,4,100,Algoritmo_2,2.126
,,,,
B,4,100,Algoritmo_2,2.174
,,,,
B,4,100,Algoritmo_2,2.192
,,,,
B,4,100,Algoritmo_2,2.181
,,,,
B,4,100,Algoritmo_2,2.264
,,,,
B,4,100,Algoritmo_2,2.485
,,,,
B,4,100,Algoritmo_2,2.491
,,,,
B,4,100,Algoritmo_2,2.322
,,,,
B,4,100,Algoritmo_2,2.264
,,,,
B,4,100,Algoritmo_2,2.149
,,,,
B,4,100,Algoritmo_2,2.318
,,,,
B,4,100,Algoritmo_2,2.174
,,,,
B,4,100,Algoritmo_2,2.166
,,,,
B,4,100,Algoritmo_2,2.341
,,,,
B,4,100,Algoritmo_2,2.180
,,,,
B,4,100,Algoritmo_2,2.019
,,,,
B,4,100,Algoritmo_2,2.098
,,,,
B,4,100,Algoritmo_2,2.489
,,,,
B,4,100,Algoritmo_2,2.354
,,,,
B,4,100,Algoritmo_2,2.381
,,,,
B,4,100,Algoritmo_2,2.112
,,,,
B,4,100,Algoritmo_2,2.258
,,,,
B,4,100,Algoritmo_2,2.189
,,,,
B,4,100,Algoritmo_2,2.159
,,,,
B,4,100,Algoritmo_2,2.181
,,,,
B,4,100,Algoritmo_2,2.240
,,,,
B,4,100,Algoritmo_2,2.163
,,,,
B,4,100,Algoritmo_2,2.202
,,,,
B,4,100,Algoritmo_2,2.161
,,,,
B,4,100,Algoritmo_2,2.220
,,,,
B,4,100,Algoritmo_2,2.313
,,,,
B,4,100,Algoritmo_2,2.181
,,,,
B,4,100,Algoritmo_2,2.179
,,,,
B,4,100,Algoritmo_2,2.174
,,,,
B,8,100,Algoritmo_2,0
B,8,100,Algoritmo_2,0
B,8,100,Algoritmo_2,0
B,8,100,Algoritmo_2,0
B,8,100,Algoritmo_2,0
B,8,100,Algoritmo_2,0
B,8,100,Algoritmo_2,0
B,8,100,Algoritmo_2,0
B,8,100,Algoritmo_2,0
B,8,100,Algoritmo_2,0
B,8,100,Algoritmo_2,0
B,8,100,Algoritmo_2,0
B,8,100,Algoritmo_2,0
B,8,100,Algoritmo_2,0
B,8,100,Algoritmo_2,0
B,8,100,Algoritmo_2,0
B,8,100,Algoritmo_2,0
B,8,100,Algoritmo_2,0
B,8,100,Algoritmo_2,0
B,8,100,Algoritmo_2,0
B,8,100,Algoritmo_2,0
B,8,100,Algoritmo_2,0
B,8,100,Algoritmo_2,0
B,8,100,Algoritmo_2,0
B,8,100,Algoritmo_2,0
B,8,100,Algoritmo_2,0
B,8,100,Algoritmo_2,0
B,8,100,Algoritmo_2,0
B,8,100,Algoritmo_2,0
B,8,100,Algoritmo_2,0
B,8,100,Algoritmo_2,0
B,8,100,Algoritmo_2,0
B,8,100,Algoritmo_2,0
B,8,100,Algoritmo_2,0
B,8,100,Algoritmo_2,0
B,8,100,Algoritmo_2,0
B,1,100,Algoritmo_3,7.168
,,,,
B,1,100,Algoritmo_3,5.056
,,,,
B,1,100,Algoritmo_3,5.590
,,,,
B,1,100,Algoritmo_3,6.637
,,,,
B,1,100,Algoritmo_3,5.128
,,,,
B,1,100,Algoritmo_3,5.115
,,,,
B,1,100,Algoritmo_3,5.071
,,,,
B,1,100,Algoritmo_3,5.059
,,,,
B,1,100,Algoritmo_3,5.064
,,,,
B,1,100,Algoritmo_3,5.529
,,,,
B,1,100,Algoritmo_3,5.050
,,,,
B,1,100,Algoritmo_3,5.118
,,,,
B,1,100,Algoritmo_3,5.161
,,,,
B,1,100,Algoritmo_3,5.554
,,,,
B,1,100,Algoritmo_3,5.491
,,,,
B,1,100,Algoritmo_3,6.901
,,,,
B,1,100,Algoritmo_3,4.971
,,,,
B,1,100,Algoritmo_3,4.958
,,,,
B,1,100,Algoritmo_3,7.530
,,,,
B,1,100,Algoritmo_3,5.562
,,,,
B,1,100,Algoritmo_3,5.626
,,,,
B,1,100,Algoritmo_3,7.829
,,,,
B,1,100,Algoritmo_3,7.987
,,,,
B,1,100,Algoritmo_3,5.102
,,,,
B,1,100,Algoritmo_3,5.423
,,,,
B,1,100,Algoritmo_3,5.044
,,,,
B,1,100,Algoritmo_3,5.026
,,,,
B,1,100,Algoritmo_3,5.540
,,,,
B,1,100,Algoritmo_3,4.982
,,,,
B,1,100,Algoritmo_3,5.636
,,,,
B,1,100,Algoritmo_3,8.286
,,,,
B,1,100,Algoritmo_3,7.506
,,,,
B,1,100,Algoritmo_3,5.148
,,,,
B,1,100,Algoritmo_3,5.116
,,,,
B,1,100,Algoritmo_3,7.701
,,,,
B,1,100,Algoritmo_3,8.425
,,,,
B,2,100,Algoritmo_3,4.618
,,,,
B,2,100,Algoritmo_3,3.751
,,,,
B,2,100,Algoritmo_3,4.202
,,,,
B,2,100,Algoritmo_3,4.264
,,,,
B,2,100,Algoritmo_3,4.483
,,,,
B,2,100,Algoritmo_3,4.183
,,,,
B,2,100,Algoritmo_3,4.793
,,,,
B,2,100,Algoritmo_3,4.333
,,,,
B,2,100,Algoritmo_3,4.384
,,,,
B,2,100,Algoritmo_3,3.993
,,,,
B,2,100,Algoritmo_3,4.351
,,,,
B,2,100,Algoritmo_3,4.524
,,,,
B,2,100,Algoritmo_3,4.435
,,,,
B,2,100,Algoritmo_3,3.421
,,,,
B,2,100,Algoritmo_3,3.484
,,,,
B,2,100,Algoritmo_3,4.252
,,,,
B,2,100,Algoritmo_3,4.125
,,,,
B,2,100,Algoritmo_3,3.809
,,,,
B,2,100,Algoritmo_3,3.896
,,,,
B,2,100,Algoritmo_3,4.117
,,,,
B,2,100,Algoritmo_3,4.270
,,,,
B,2,100,Algoritmo_3,4.232
,,,,
B,2,100,Algoritmo_3,3.836
,,,,
B,2,100,Algoritmo_3,4.346
,,,,
B,2,100,Algoritmo_3,4.279
,,,,
B,2,100,Algoritmo_3,4.263
,,,,
B,2,100,Algoritmo_3,4.045
,,,,
B,2,100,Algoritmo_3,4.318
,,,,
B,2,100,Algoritmo_3,4.077
,,,,
B,2,100,Algoritmo_3,4.332
,,,,
B,2,100,Algoritmo_3,4.780
,,,,
B,2,100,Algoritmo_3,4.618
,,,,
B,2,100,Algoritmo_3,4.363
,,,,
B,2,100,Algoritmo_3,4.118
,,,,
B,2,100,Algoritmo_3,4.484
,,,,
B,2,100,Algoritmo_3,4.258
,,,,
B,4,100,Algoritmo_3,2.537
,,,,
B,4,100,Algoritmo_3,2.425
,,,,
B,4,100,Algoritmo_3,2.640
,,,,
B,4,100,Algoritmo_3,2.505
,,,,
B,4,100,Algoritmo_3,2.467
,,,,
B,4,100,Algoritmo_3,2.227
,,,,
B,4,100,Algoritmo_3,2.293
,,,,
B,4,100,Algoritmo_3,2.496
,,,,
B,4,100,Algoritmo_3,2.553
,,,,
B,4,100,Algoritmo_3,2.377
,,,,
B,4,100,Algoritmo_3,2.000
,,,,
B,4,100,Algoritmo_3,2.684
,,,,
B,4,100,Algoritmo_3,2.143
,,,,
B,4,100,Algoritmo_3,2.517
,,,,
B,4,100,Algoritmo_3,2.262
,,,,
B,4,100,Algoritmo_3,2.178
,,,,
B,4,100,Algoritmo_3,2.506
,,,,
B,4,100,Algoritmo_3,2.508
,,,,
B,4,100,Algoritmo_3,2.487
,,,,
B,4,100,Algoritmo_3,2.521
,,,,
B,4,100,Algoritmo_3,2.512
,,,,
B,4,100,Algoritmo_3,2.496
,,,,
B,4,100,Algoritmo_3,2.800
,,,,
B,4,100,Algoritmo_3,1.974
,,,,
B,4,100,Algoritmo_3,3.822
,,,,
B,4,100,Algoritmo_3,2.469
,,,,
B,4,100,Algoritmo_3,2.319
,,,,
B,4,100,Algoritmo_3,2.094
,,,,
B,4,100,Algoritmo_3,2.433
,,,,
B,4,100,Algoritmo_3,2.107
,,,,
B,4,100,Algoritmo_3,2.448
,,,,
B,4,100,Algoritmo_3,2.178
,,,,
B,4,100,Algoritmo_3,2.444
,,,,
B,4,100,Algoritmo_3,2.500
,,,,
B,4,100,Algoritmo_3,2.426
,,,,
B,4,100,Algoritmo_3,2.347
,,,,
B,8,100,Algoritmo_3,0
B,8,100,Algoritmo_3,0
B,8,100,Algoritmo_3,0
B,8,100,Algoritmo_3,0
B,8,100,Algoritmo_3,0
B,8,100,Algoritmo_3,0
B,8,100,Algoritmo_3,0
B,8,100,Algoritmo_3,0
B,8,100,Algoritmo_3,0
B,8,100,Algoritmo_3,0
B,8,100,Algoritmo_3,0
B,8,100,Algoritmo_3,0
B,8,100,Algoritmo_3,0
B,8,100,Algoritmo_3,0
B,8,100,Algoritmo_3,0
B,8,100,Algoritmo_3,0
B,8,100,Algoritmo_3,0
B,8,100,Algoritmo_3,0
B,8,100,Algoritmo_3,0
B,8,100,Algoritmo_3,0
B,8,100,Algoritmo_3,0
B,8,100,Algoritmo_3,0
B,8,100,Algoritmo_3,0
B,8,100,Algoritmo_3,0
B,8,100,Algoritmo_3,0
B,8,100,Algoritmo_3,0
B,8,100,Algoritmo_3,0
B,8,100,Algoritmo_3,0
B,8,100,Algoritmo_3,0
B,8,100,Algoritmo_3,0
B,8,100,Algoritmo_3,0
B,8,100,Algoritmo_3,0
B,8,100,Algoritmo_3,0
B,8,100,Algoritmo_3,0
B,8,100,Algoritmo_3,0
B,8,100,Algoritmo_3,0
B,1,200,Algoritmo_1,37.513
,,,,
B,1,200,Algoritmo_1,36.793
,,,,
B,1,200,Algoritmo_1,36.720
,,,,
B,1,200,Algoritmo_1,36.842
,,,,
B,1,200,Algoritmo_1,36.829
,,,,
B,1,200,Algoritmo_1,36.906
,,,,
B,1,200,Algoritmo_1,41.772
,,,,
B,1,200,Algoritmo_1,40.300
,,,,
B,1,200,Algoritmo_1,37.946
,,,,
B,1,200,Algoritmo_1,40.751
,,,,
B,1,200,Algoritmo_1,43.613
,,,,
B,1,200,Algoritmo_1,41.177
,,,,
B,1,200,Algoritmo_1,40.047
,,,,
B,1,200,Algoritmo_1,37.961
,,,,
B,1,200,Algoritmo_1,38.131
,,,,
B,1,200,Algoritmo_1,37.917
,,,,
B,1,200,Algoritmo_1,37.693
,,,,
B,1,200,Algoritmo_1,37.953
,,,,
B,1,200,Algoritmo_1,40.495
,,,,
B,1,200,Algoritmo_1,40.033
,,,,
B,1,200,Algoritmo_1,42.306
,,,,
B,1,200,Algoritmo_1,39.310
,,,,
B,1,200,Algoritmo_1,42.669
,,,,
B,1,200,Algoritmo_1,41.101
,,,,
B,1,200,Algoritmo_1,40.132
,,,,
B,1,200,Algoritmo_1,41.198
,,,,
B,1,200,Algoritmo_1,38.170
,,,,
B,1,200,Algoritmo_1,37.852
,,,,
B,1,200,Algoritmo_1,37.878
,,,,
B,1,200,Algoritmo_1,37.792
,,,,
B,1,200,Algoritmo_1,40.516
,,,,
B,1,200,Algoritmo_1,39.077
,,,,
B,1,200,Algoritmo_1,37.975
,,,,
B,1,200,Algoritmo_1,38.226
,,,,
B,1,200,Algoritmo_1,37.595
,,,,
B,1,200,Algoritmo_1,40.080
,,,,
B,2,200,Algoritmo_1,21.272
,,,,
B,2,200,Algoritmo_1,23.138
,,,,
B,2,200,Algoritmo_1,25.101
,,,,
B,2,200,Algoritmo_1,22.929
,,,,
B,2,200,Algoritmo_1,21.698
,,,,
B,2,200,Algoritmo_1,19.068
,,,,
B,2,200,Algoritmo_1,23.087
,,,,
B,2,200,Algoritmo_1,24.357
,,,,
B,2,200,Algoritmo_1,21.882
,,,,
B,2,200,Algoritmo_1,22.479
,,,,
B,2,200,Algoritmo_1,23.230
,,,,
B,2,200,Algoritmo_1,22.659
,,,,
B,2,200,Algoritmo_1,23.288
,,,,
B,2,200,Algoritmo_1,23.056
,,,,
B,2,200,Algoritmo_1,23.389
,,,,
B,2,200,Algoritmo_1,23.259
,,,,
B,2,200,Algoritmo_1,23.369
,,,,
B,2,200,Algoritmo_1,22.551
,,,,
B,2,200,Algoritmo_1,25.234
,,,,
B,2,200,Algoritmo_1,24.061
,,,,
B,2,200,Algoritmo_1,23.663
,,,,
B,2,200,Algoritmo_1,21.756
,,,,
B,2,200,Algoritmo_1,22.598
,,,,
B,2,200,Algoritmo_1,22.495
,,,,
B,2,200,Algoritmo_1,24.626
,,,,
B,2,200,Algoritmo_1,21.122
,,,,
B,2,200,Algoritmo_1,23.819
,,,,
B,2,200,Algoritmo_1,22.401
,,,,
B,2,200,Algoritmo_1,19.005
,,,,
B,2,200,Algoritmo_1,19.137
,,,,
B,2,200,Algoritmo_1,19.069
,,,,
B,2,200,Algoritmo_1,19.025
,,,,
B,2,200,Algoritmo_1,19.138
,,,,
B,2,200,Algoritmo_1,19.210
,,,,
B,2,200,Algoritmo_1,21.643
,,,,
B,2,200,Algoritmo_1,22.713
,,,,
B,4,200,Algoritmo_1,15.772
,,,,
B,4,200,Algoritmo_1,14.956
,,,,
B,4,200,Algoritmo_1,11.192
,,,,
B,4,200,Algoritmo_1,14.103
,,,,
B,4,200,Algoritmo_1,15.021
,,,,
B,4,200,Algoritmo_1,13.471
,,,,
B,4,200,Algoritmo_1,14.478
,,,,
B,4,200,Algoritmo_1,11.658
,,,,
B,4,200,Algoritmo_1,14.222
,,,,
B,4,200,Algoritmo_1,14.531
,,,,
B,4,200,Algoritmo_1,14.225
,,,,
B,4,200,Algoritmo_1,10.228
,,,,
B,4,200,Algoritmo_1,15.188
,,,,
B,4,200,Algoritmo_1,14.859
,,,,
B,4,200,Algoritmo_1,12.973
,,,,
B,4,200,Algoritmo_1,15.126
,,,,
B,4,200,Algoritmo_1,15.917
,,,,
B,4,200,Algoritmo_1,14.861
,,,,
B,4,200,Algoritmo_1,15.278
,,,,
B,4,200,Algoritmo_1,14.512
,,,,
B,4,200,Algoritmo_1,13.238
,,,,
B,4,200,Algoritmo_1,10.747
,,,,
B,4,200,Algoritmo_1,14.774
,,,,
B,4,200,Algoritmo_1,14.492
,,,,
B,4,200,Algoritmo_1,13.879
,,,,
B,4,200,Algoritmo_1,14.299
,,,,
B,4,200,Algoritmo_1,13.207
,,,,
B,4,200,Algoritmo_1,13.893
,,,,
B,4,200,Algoritmo_1,13.038
,,,,
B,4,200,Algoritmo_1,14.417
,,,,
B,4,200,Algoritmo_1,13.285
,,,,
B,4,200,Algoritmo_1,13.753
,,,,
B,4,200,Algoritmo_1,14.081
,,,,
B,4,200,Algoritmo_1,13.795
,,,,
B,4,200,Algoritmo_1,13.565
,,,,
B,4,200,Algoritmo_1,15.003
,,,,
B,8,200,Algoritmo_1,0
B,8,200,Algoritmo_1,0
B,8,200,Algoritmo_1,0
B,8,200,Algoritmo_1,0
B,8,200,Algoritmo_1,0
B,8,200,Algoritmo_1,0
B,8,200,Algoritmo_1,0
B,8,200,Algoritmo_1,0
B,8,200,Algoritmo_1,0
B,8,200,Algoritmo_1,0
B,8,200,Algoritmo_1,0
B,8,200,Algoritmo_1,0
B,8,200,Algoritmo_1,0
B,8,200,Algoritmo_1,0
B,8,200,Algoritmo_1,0
B,8,200,Algoritmo_1,0
B,8,200,Algoritmo_1,0
B,8,200,Algoritmo_1,0
B,8,200,Algoritmo_1,0
B,8,200,Algoritmo_1,0
B,8,200,Algoritmo_1,0
B,8,200,Algoritmo_1,0
B,8,200,Algoritmo_1,0
B,8,200,Algoritmo_1,0
B,8,200,Algoritmo_1,0
B,8,200,Algoritmo_1,0
B,8,200,Algoritmo_1,0
B,8,200,Algoritmo_1,0
B,8,200,Algoritmo_1,0
B,8,200,Algoritmo_1,0
B,8,200,Algoritmo_1,0
B,8,200,Algoritmo_1,0
B,8,200,Algoritmo_1,0
B,8,200,Algoritmo_1,0
B,8,200,Algoritmo_1,0
B,8,200,Algoritmo_1,0
B,1,200,Algoritmo_2,40.965
,,,,
B,1,200,Algoritmo_2,40.877
,,,,
B,1,200,Algoritmo_2,38.864
,,,,
B,1,200,Algoritmo_2,39.074
,,,,
B,1,200,Algoritmo_2,41.957
,,,,
B,1,200,Algoritmo_2,41.337
,,,,
B,1,200,Algoritmo_2,39.056
,,,,
B,1,200,Algoritmo_2,41.868
,,,,
B,1,200,Algoritmo_2,38.005
,,,,
B,1,200,Algoritmo_2,41.844
,,,,
B,1,200,Algoritmo_2,39.022
,,,,
B,1,200,Algoritmo_2,38.950
,,,,
B,1,200,Algoritmo_2,38.941
,,,,
B,1,200,Algoritmo_2,38.953
,,,,
B,1,200,Algoritmo_2,39.035
,,,,
B,1,200,Algoritmo_2,41.942
,,,,
B,1,200,Algoritmo_2,41.558
,,,,
B,1,200,Algoritmo_2,39.084
,,,,
B,1,200,Algoritmo_2,39.135
,,,,
B,1,200,Algoritmo_2,39.133
,,,,
B,1,200,Algoritmo_2,39.009
,,,,
B,1,200,Algoritmo_2,39.162
,,,,
B,1,200,Algoritmo_2,43.226
,,,,
B,1,200,Algoritmo_2,41.032
,,,,
B,1,200,Algoritmo_2,39.196
,,,,
B,1,200,Algoritmo_2,40.783
,,,,
B,1,200,Algoritmo_2,38.040
,,,,
B,1,200,Algoritmo_2,40.796
,,,,
B,1,200,Algoritmo_2,39.955
,,,,
B,1,200,Algoritmo_2,42.914
,,,,
B,1,200,Algoritmo_2,38.030
,,,,
B,1,200,Algoritmo_2,40.710
,,,,
B,1,200,Algoritmo_2,39.255
,,,,
B,1,200,Algoritmo_2,39.259
,,,,
B,1,200,Algoritmo_2,38.956
,,,,
B,1,200,Algoritmo_2,38.957
,,,,
B,2,200,Algoritmo_2,24.045
,,,,
B,2,200,Algoritmo_2,23.852
,,,,
B,2,200,Algoritmo_2,25.485
,,,,
B,2,200,Algoritmo_2,22.767
,,,,
B,2,200,Algoritmo_2,19.949
,,,,
B,2,200,Algoritmo_2,23.461
,,,,
B,2,200,Algoritmo_2,19.549
,,,,
B,2,200,Algoritmo_2,19.156
,,,,
B,2,200,Algoritmo_2,22.376
,,,,
B,2,200,Algoritmo_2,24.378
,,,,
B,2,200,Algoritmo_2,23.838
,,,,
B,2,200,Algoritmo_2,23.483
,,,,
B,2,200,Algoritmo_2,23.813
,,,,
B,2,200,Algoritmo_2,25.259
,,,,
B,2,200,Algoritmo_2,19.947
,,,,
B,2,200,Algoritmo_2,23.117
,,,,
B,2,200,Algoritmo_2,24.128
,,,,
B,2,200,Algoritmo_2,23.144
,,,,
B,2,200,Algoritmo_2,23.847
,,,,
B,2,200,Algoritmo_2,22.066
,,,,
B,2,200,Algoritmo_2,19.681
,,,,
B,2,200,Algoritmo_2,23.498
,,,,
B,2,200,Algoritmo_2,22.212
,,,,
B,2,200,Algoritmo_2,19.631
,,,,
B,2,200,Algoritmo_2,23.751
,,,,
B,2,200,Algoritmo_2,22.835
,,,,
B,2,200,Algoritmo_2,24.673
,,,,
B,2,200,Algoritmo_2,19.670
,,,,
B,2,200,Algoritmo_2,22.409
,,,,
B,2,200,Algoritmo_2,19.690
,,,,
B,2,200,Algoritmo_2,23.813
,,,,
B,2,200,Algoritmo_2,22.275
,,,,
B,2,200,Algoritmo_2,19.638
,,,,
B,2,200,Algoritmo_2,23.817
,,,,
B,2,200,Algoritmo_2,22.340
,,,,
B,2,200,Algoritmo_2,19.571
,,,,
B,4,200,Algoritmo_2,16.265
,,,,
B,4,200,Algoritmo_2,12.549
,,,,
B,4,200,Algoritmo_2,14.737
,,,,
B,4,200,Algoritmo_2,12.651
,,,,
B,4,200,Algoritmo_2,13.856
,,,,
B,4,200,Algoritmo_2,15.170
,,,,
B,4,200,Algoritmo_2,12.918
,,,,
B,4,200,Algoritmo_2,13.953
,,,,
B,4,200,Algoritmo_2,14.684
,,,,
B,4,200,Algoritmo_2,13.801
,,,,
B,4,200,Algoritmo_2,15.489
,,,,
B,4,200,Algoritmo_2,14.047
,,,,
B,4,200,Algoritmo_2,15.442
,,,,
B,4,200,Algoritmo_2,14.959
,,,,
B,4,200,Algoritmo_2,10.560
,,,,
B,4,200,Algoritmo_2,15.410
,,,,
B,4,200,Algoritmo_2,13.917
,,,,
B,4,200,Algoritmo_2,14.265
,,,,
B,4,200,Algoritmo_2,15.280
,,,,
B,4,200,Algoritmo_2,15.284
,,,,
B,4,200,Algoritmo_2,15.460
,,,,
B,4,200,Algoritmo_2,14.737
,,,,
B,4,200,Algoritmo_2,10.825
,,,,
B,4,200,Algoritmo_2,11.156
,,,,
B,4,200,Algoritmo_2,15.319
,,,,
B,4,200,Algoritmo_2,14.190
,,,,
B,4,200,Algoritmo_2,13.544
,,,,
B,4,200,Algoritmo_2,14.988
,,,,
B,4,200,Algoritmo_2,13.735
,,,,
B,4,200,Algoritmo_2,13.782
,,,,
B,4,200,Algoritmo_2,15.327
,,,,
B,4,200,Algoritmo_2,12.348
,,,,
B,4,200,Algoritmo_2,14.447
,,,,
B,4,200,Algoritmo_2,15.560
,,,,
B,4,200,Algoritmo_2,15.406
,,,,
B,4,200,Algoritmo_2,14.555
,,,,
B,8,200,Algoritmo_2,0
B,8,200,Algoritmo_2,0
B,8,200,Algoritmo_2,0
B,8,200,Algoritmo_2,0
B,8,200,Algoritmo_2,0
B,8,200,Algoritmo_2,0
B,8,200,Algoritmo_2,0
B,8,200,Algoritmo_2,0
B,8,200,Algoritmo_2,0
B,8,200,Algoritmo_2,0
B,8,200,Algoritmo_2,0
B,8,200,Algoritmo_2,0
B,8,200,Algoritmo_2,0
B,8,200,Algoritmo_2,0
B,8,200,Algoritmo_2,0
B,8,200,Algoritmo_2,0
B,8,200,Algoritmo_2,0
B,8,200,Algoritmo_2,0
B,8,200,Algoritmo_2,0
B,8,200,Algoritmo_2,0
B,8,200,Algoritmo_2,0
B,8,200,Algoritmo_2,0
B,8,200,Algoritmo_2,0
B,8,200,Algoritmo_2,0
B,8,200,Algoritmo_2,0
B,8,200,Algoritmo_2,0
B,8,200,Algoritmo_2,0
B,8,200,Algoritmo_2,0
B,8,200,Algoritmo_2,0
B,8,200,Algoritmo_2,0
B,8,200,Algoritmo_2,0
B,8,200,Algoritmo_2,0
B,8,200,Algoritmo_2,0
B,8,200,Algoritmo_2,0
B,8,200,Algoritmo_2,0
B,8,200,Algoritmo_2,0
B,1,200,Algoritmo_3,42.773
,,,,
B,1,200,Algoritmo_3,41.642
,,,,
B,1,200,Algoritmo_3,42.535
,,,,
B,1,200,Algoritmo_3,43.688
,,,,
B,1,200,Algoritmo_3,43.407
,,,,
B,1,200,Algoritmo_3,43.115
,,,,
B,1,200,Algoritmo_3,42.967
,,,,
B,1,200,Algoritmo_3,41.066
,,,,
B,1,200,Algoritmo_3,41.525
,,,,
B,1,200,Algoritmo_3,41.246
,,,,
B,1,200,Algoritmo_3,42.783
,,,,
B,1,200,Algoritmo_3,42.643
,,,,
B,1,200,Algoritmo_3,42.670
,,,,
B,1,200,Algoritmo_3,42.236
,,,,
B,1,200,Algoritmo_3,41.282
,,,,
B,1,200,Algoritmo_3,39.085
,,,,
B,1,200,Algoritmo_3,40.581
,,,,
B,1,200,Algoritmo_3,41.449
,,,,
B,1,200,Algoritmo_3,38.774
,,,,
B,1,200,Algoritmo_3,38.726
,,,,
B,1,200,Algoritmo_3,38.998
,,,,
B,1,200,Algoritmo_3,38.160
,,,,
B,1,200,Algoritmo_3,36.843
,,,,
B,1,200,Algoritmo_3,33.098
,,,,
B,1,200,Algoritmo_3,40.524
,,,,
B,1,200,Algoritmo_3,39.740
,,,,
B,1,200,Algoritmo_3,37.186
,,,,
B,1,200,Algoritmo_3,37.159
,,,,
B,1,200,Algoritmo_3,38.465
,,,,
B,1,200,Algoritmo_3,36.747
,,,,
B,1,200,Algoritmo_3,33.725
,,,,
B,1,200,Algoritmo_3,34.703
,,,,
B,1,200,Algoritmo_3,37.570
,,,,
B,1,200,Algoritmo_3,34.899
,,,,
B,1,200,Algoritmo_3,37.459
,,,,
B,1,200,Algoritmo_3,33.641
,,,,
B,2,200,Algoritmo_3,21.578
,,,,
B,2,200,Algoritmo_3,22.522
,,,,
B,2,200,Algoritmo_3,19.367
,,,,
B,2,200,Algoritmo_3,19.861
,,,,
B,2,200,Algoritmo_3,22.933
,,,,
B,2,200,Algoritmo_3,19.680
,,,,
B,2,200,Algoritmo_3,21.313
,,,,
B,2,200,Algoritmo_3,19.117
,,,,
B,2,200,Algoritmo_3,21.416
,,,,
B,2,200,Algoritmo_3,22.899
,,,,
B,2,200,Algoritmo_3,19.076
,,,,
B,2,200,Algoritmo_3,22.943
,,,,
B,2,200,Algoritmo_3,19.967
,,,,
B,2,200,Algoritmo_3,22.999
,,,,
B,2,200,Algoritmo_3,20.146
,,,,
B,2,200,Algoritmo_3,19.828
,,,,
B,2,200,Algoritmo_3,22.938
,,,,
B,2,200,Algoritmo_3,21.910
,,,,
B,2,200,Algoritmo_3,19.745
,,,,
B,2,200,Algoritmo_3,21.681
,,,,
B,2,200,Algoritmo_3,18.960
,,,,
B,2,200,Algoritmo_3,19.599
,,,,
B,2,200,Algoritmo_3,18.685
,,,,
B,2,200,Algoritmo_3,18.736
,,,,
B,2,200,Algoritmo_3,16.967
,,,,
B,2,200,Algoritmo_3,22.060
,,,,
B,2,200,Algoritmo_3,19.205
,,,,
B,2,200,Algoritmo_3,18.693
,,,,
B,2,200,Algoritmo_3,15.420
,,,,
B,2,200,Algoritmo_3,20.076
,,,,
B,2,200,Algoritmo_3,20.750
,,,,
B,2,200,Algoritmo_3,21.183
,,,,
B,2,200,Algoritmo_3,22.447
,,,,
B,2,200,Algoritmo_3,22.838
,,,,
B,2,200,Algoritmo_3,19.908
,,,,
B,2,200,Algoritmo_3,20.164
,,,,
B,4,200,Algoritmo_3,13.755
,,,,
B,4,200,Algoritmo_3,11.955
,,,,
B,4,200,Algoritmo_3,13.644
,,,,
B,4,200,Algoritmo_3,11.363
,,,,
B,4,200,Algoritmo_3,13.083
,,,,
B,4,200,Algoritmo_3,13.513
,,,,
B,4,200,Algoritmo_3,13.566
,,,,
B,4,200,Algoritmo_3,13.576
,,,,
B,4,200,Algoritmo_3,13.332
,,,,
B,4,200,Algoritmo_3,12.982
,,,,
B,4,200,Algoritmo_3,14.679
,,,,
B,4,200,Algoritmo_3,11.190
,,,,
B,4,200,Algoritmo_3,13.685
,,,,
B,4,200,Algoritmo_3,12.029
,,,,
B,4,200,Algoritmo_3,14.171
,,,,
B,4,200,Algoritmo_3,13.169
,,,,
B,4,200,Algoritmo_3,11.302
,,,,
B,4,200,Algoritmo_3,13.219
,,,,
B,4,200,Algoritmo_3,14.346
,,,,
B,4,200,Algoritmo_3,14.128
,,,,
B,4,200,Algoritmo_3,13.278
,,,,
B,4,200,Algoritmo_3,10.080
,,,,
B,4,200,Algoritmo_3,13.300
,,,,
B,4,200,Algoritmo_3,14.443
,,,,
B,4,200,Algoritmo_3,13.899
,,,,
B,4,200,Algoritmo_3,13.946
,,,,
B,4,200,Algoritmo_3,13.819
,,,,
B,4,200,Algoritmo_3,12.917
,,,,
B,4,200,Algoritmo_3,14.436
,,,,
B,4,200,Algoritmo_3,10.560
,,,,
B,4,200,Algoritmo_3,14.303
,,,,
B,4,200,Algoritmo_3,13.796
,,,,
B,4,200,Algoritmo_3,14.503
,,,,
B,4,200,Algoritmo_3,13.401
,,,,
B,4,200,Algoritmo_3,13.182
,,,,
B,4,200,Algoritmo_3,13.937
,,,,
B,8,200,Algoritmo_3,0
B,8,200,Algoritmo_3,0
B,8,200,Algoritmo_3,0
B,8,200,Algoritmo_3,0
B,8,200,Algoritmo_3,0
B,8,200,Algoritmo_3,0
B,8,200,Algoritmo_3,0
B,8,200,Algoritmo_3,0
B,8,200,Algoritmo_3,0
B,8,200,Algoritmo_3,0
B,8,200,Algoritmo_3,0
B,8,200,Algoritmo_3,0
B,8,200,Algoritmo_3,0
B,8,200,Algoritmo_3,0
B,8,200,Algoritmo_3,0
B,8,200,Algoritmo_3,0
B,8,200,Algoritmo_3,0
B,8,200,Algoritmo_3,0
B,8,200,Algoritmo_3,0
B,8,200,Algoritmo_3,0
B,8,200,Algoritmo_3,0
B,8,200,Algoritmo_3,0
B,8,200,Algoritmo_3,0
B,8,200,Algoritmo_3,0
B,8,200,Algoritmo_3,0
B,8,200,Algoritmo_3,0
B,8,200,Algoritmo_3,0
B,8,200,Algoritmo_3,0
B,8,200,Algoritmo_3,0
B,8,200,Algoritmo_3,0
B,8,200,Algoritmo_3,0
B,8,200,Algoritmo_3,0
B,8,200,Algoritmo_3,0
B,8,200,Algoritmo_3,0
B,8,200,Algoritmo_3,0
B,8,200,Algoritmo_3,0
B,1,400,Algoritmo_1,192.373
,,,,
B,1,400,Algoritmo_1,182.386
,,,,
B,1,400,Algoritmo_1,193.984
,,,,
B,1,400,Algoritmo_1,192.017
,,,,
B,1,400,Algoritmo_1,183.381
,,,,
B,1,400,Algoritmo_1,194.253
,,,,
B,1,400,Algoritmo_1,186.181
,,,,
B,1,400,Algoritmo_1,180.416
,,,,
B,1,400,Algoritmo_1,191.183
,,,,
B,1,400,Algoritmo_1,190.662
,,,,
B,1,400,Algoritmo_1,186.289
,,,,
B,1,400,Algoritmo_1,184.433
,,,,
B,1,400,Algoritmo_1,196.351
,,,,
B,1,400,Algoritmo_1,194.556
,,,,
B,1,400,Algoritmo_1,189.314
,,,,
B,1,400,Algoritmo_1,192.153
,,,,
B,1,400,Algoritmo_1,184.676
,,,,
B,1,400,Algoritmo_1,184.514
,,,,
B,1,400,Algoritmo_1,183.169
,,,,
B,1,400,Algoritmo_1,192.402
,,,,
B,1,400,Algoritmo_1,191.489
,,,,
B,1,400,Algoritmo_1,191.007
,,,,
B,1,400,Algoritmo_1,190.963
,,,,
B,1,400,Algoritmo_1,191.177
,,,,
B,1,400,Algoritmo_1,183.798
,,,,
B,1,400,Algoritmo_1,191.321
,,,,
B,1,400,Algoritmo_1,192.376
,,,,
B,1,400,Algoritmo_1,193.707
,,,,
B,1,400,Algoritmo_1,194.777
,,,,
B,1,400,Algoritmo_1,185.563
,,,,
B,1,400,Algoritmo_1,190.245
,,,,
B,1,400,Algoritmo_1,196.709
,,,,
B,1,400,Algoritmo_1,185.783
,,,,
B,1,400,Algoritmo_1,181.810
,,,,
B,1,400,Algoritmo_1,185.017
,,,,
B,1,400,Algoritmo_1,197.628
,,,,
B,2,400,Algoritmo_1,99.239
,,,,
B,2,400,Algoritmo_1,96.922
,,,,
B,2,400,Algoritmo_1,99.062
,,,,
B,2,400,Algoritmo_1,115.086
,,,,
B,2,400,Algoritmo_1,103.897
,,,,
B,2,400,Algoritmo_1,98.406
,,,,
B,2,400,Algoritmo_1,98.988
,,,,
B,2,400,Algoritmo_1,97.452
,,,,
B,2,400,Algoritmo_1,92.644
,,,,
B,2,400,Algoritmo_1,99.544
,,,,
B,2,400,Algoritmo_1,97.092
,,,,
B,2,400,Algoritmo_1,98.412
,,,,
B,2,400,Algoritmo_1,97.811
,,,,
B,2,400,Algoritmo_1,97.211
,,,,
B,2,400,Algoritmo_1,100.073
,,,,
B,2,400,Algoritmo_1,98.006
,,,,
B,2,400,Algoritmo_1,100.439
,,,,
B,2,400,Algoritmo_1,99.484
,,,,
B,2,400,Algoritmo_1,98.794
,,,,
B,2,400,Algoritmo_1,100.010
,,,,
B,2,400,Algoritmo_1,102.025
,,,,
B,2,400,Algoritmo_1,101.902
,,,,
B,2,400,Algoritmo_1,98.649
,,,,
B,2,400,Algoritmo_1,100.684
,,,,
B,2,400,Algoritmo_1,102.391
,,,,
B,2,400,Algoritmo_1,102.594
,,,,
B,2,400,Algoritmo_1,97.830
,,,,
B,2,400,Algoritmo_1,99.433
,,,,
B,2,400,Algoritmo_1,99.406
,,,,
B,2,400,Algoritmo_1,100.047
,,,,
B,2,400,Algoritmo_1,99.749
,,,,
B,2,400,Algoritmo_1,98.686
,,,,
B,2,400,Algoritmo_1,102.230
,,,,
B,2,400,Algoritmo_1,97.155
,,,,
B,2,400,Algoritmo_1,101.314
,,,,
B,2,400,Algoritmo_1,105.605
,,,,
B,4,400,Algoritmo_1,63.835
,,,,
B,4,400,Algoritmo_1,63.059
,,,,
B,4,400,Algoritmo_1,62.761
,,,,
B,4,400,Algoritmo_1,62.222
,,,,
B,4,400,Algoritmo_1,63.399
,,,,
B,4,400,Algoritmo_1,63.075
,,,,
B,4,400,Algoritmo_1,61.461
,,,,
B,4,400,Algoritmo_1,60.489
,,,,
B,4,400,Algoritmo_1,63.911
,,,,
B,4,400,Algoritmo_1,61.341
,,,,
B,4,400,Algoritmo_1,61.522
,,,,
B,4,400,Algoritmo_1,63.470
,,,,
B,4,400,Algoritmo_1,62.394
,,,,
B,4,400,Algoritmo_1,63.762
,,,,
B,4,400,Algoritmo_1,63.134
,,,,
B,4,400,Algoritmo_1,62.712
,,,,
B,4,400,Algoritmo_1,63.739
,,,,
B,4,400,Algoritmo_1,64.183
,,,,
B,4,400,Algoritmo_1,65.698
,,,,
B,4,400,Algoritmo_1,62.370
,,,,
B,4,400,Algoritmo_1,62.020
,,,,
B,4,400,Algoritmo_1,60.858
,,,,
B,4,400,Algoritmo_1,62.226
,,,,
B,4,400,Algoritmo_1,63.057
,,,,
B,4,400,Algoritmo_1,67.977
,,,,
B,4,400,Algoritmo_1,75.997
,,,,
B,4,400,Algoritmo_1,67.622
,,,,
B,4,400,Algoritmo_1,67.022
,,,,
B,4,400,Algoritmo_1,67.120
,,,,
B,4,400,Algoritmo_1,63.989
,,,,
B,4,400,Algoritmo_1,65.174
,,,,
B,4,400,Algoritmo_1,62.190
,,,,
B,4,400,Algoritmo_1,63.456
,,,,
B,4,400,Algoritmo_1,63.199
,,,,
B,4,400,Algoritmo_1,63.691
,,,,
B,4,400,Algoritmo_1,64.051
,,,,
B,8,400,Algoritmo_1,0
B,8,400,Algoritmo_1,0
B,8,400,Algoritmo_1,0
B,8,400,Algoritmo_1,0
B,8,400,Algoritmo_1,0
B,8,400,Algoritmo_1,0
B,8,400,Algoritmo_1,0
B,8,400,Algoritmo_1,0
B,8,400,Algoritmo_1,0
B,8,400,Algoritmo_1,0
B,8,400,Algoritmo_1,0
B,8,400,Algoritmo_1,0
B,8,400,Algoritmo_1,0
B,8,400,Algoritmo_1,0
B,8,400,Algoritmo_1,0
B,8,400,Algoritmo_1,0
B,8,400,Algoritmo_1,0
B,8,400,Algoritmo_1,0
B,8,400,Algoritmo_1,0
B,8,400,Algoritmo_1,0
B,8,400,Algoritmo_1,0
B,8,400,Algoritmo_1,0
B,8,400,Algoritmo_1,0
B,8,400,Algoritmo_1,0
B,8,400,Algoritmo_1,0
B,8,400,Algoritmo_1,0
B,8,400,Algoritmo_1,0
B,8,400,Algoritmo_1,0
B,8,400,Algoritmo_1,0
B,8,400,Algoritmo_1,0
B,8,400,Algoritmo_1,0
B,8,400,Algoritmo_1,0
B,8,400,Algoritmo_1,0
B,8,400,Algoritmo_1,0
B,8,400,Algoritmo_1,0
B,8,400,Algoritmo_1,0
B,1,400,Algoritmo_2,196.202
,,,,
B,1,400,Algoritmo_2,194.409
,,,,
B,1,400,Algoritmo_2,195.474
,,,,
B,1,400,Algoritmo_2,196.096
,,,,
B,1,400,Algoritmo_2,195.532
,,,,
B,1,400,Algoritmo_2,194.249
,,,,
B,1,400,Algoritmo_2,194.805
,,,,
B,1,400,Algoritmo_2,195.582
,,,,
B,1,400,Algoritmo_2,198.113
,,,,
B,1,400,Algoritmo_2,194.898
,,,,
B,1,400,Algoritmo_2,189.577
,,,,
B,1,400,Algoritmo_2,190.497
,,,,
B,1,400,Algoritmo_2,196.533
,,,,
B,1,400,Algoritmo_2,196.226
,,,,
B,1,400,Algoritmo_2,190.443
,,,,
B,1,400,Algoritmo_2,193.432
,,,,
B,1,400,Algoritmo_2,192.519
,,,,
B,1,400,Algoritmo_2,188.930
,,,,
B,1,400,Algoritmo_2,194.409
,,,,
B,1,400,Algoritmo_2,189.748
,,,,
B,1,400,Algoritmo_2,193.304
,,,,
B,1,400,Algoritmo_2,192.608
,,,,
B,1,400,Algoritmo_2,192.860
,,,,
B,1,400,Algoritmo_2,191.660
,,,,
B,1,400,Algoritmo_2,191.701
,,,,
B,1,400,Algoritmo_2,191.242
,,,,
B,1,400,Algoritmo_2,191.793
,,,,
B,1,400,Algoritmo_2,190.940
,,,,
B,1,400,Algoritmo_2,187.891
,,,,
B,1,400,Algoritmo_2,191.474
,,,,
B,1,400,Algoritmo_2,193.327
,,,,
B,1,400,Algoritmo_2,192.303
,,,,
B,1,400,Algoritmo_2,191.285
,,,,
B,1,400,Algoritmo_2,188.248
,,,,
B,1,400,Algoritmo_2,193.276
,,,,
B,1,400,Algoritmo_2,192.353
,,,,
B,2,400,Algoritmo_2,102.091
,,,,
B,2,400,Algoritmo_2,104.306
,,,,
B,2,400,Algoritmo_2,102.720
,,,,
B,2,400,Algoritmo_2,104.412
,,,,
B,2,400,Algoritmo_2,103.083
,,,,
B,2,400,Algoritmo_2,100.757
,,,,
B,2,400,Algoritmo_2,103.322
,,,,
B,2,400,Algoritmo_2,100.088
,,,,
B,2,400,Algoritmo_2,102.870
,,,,
B,2,400,Algoritmo_2,103.638
,,,,
B,2,400,Algoritmo_2,100.210
,,,,
B,2,400,Algoritmo_2,101.590
,,,,
B,2,400,Algoritmo_2,99.388
,,,,
B,2,400,Algoritmo_2,103.374
,,,,
B,2,400,Algoritmo_2,102.393
,,,,
B,2,400,Algoritmo_2,100.325
,,,,
B,2,400,Algoritmo_2,101.704
,,,,
B,2,400,Algoritmo_2,101.551
,,,,
B,2,400,Algoritmo_2,102.885
,,,,
B,2,400,Algoritmo_2,101.673
,,,,
B,2,400,Algoritmo_2,101.962
,,,,
B,2,400,Algoritmo_2,104.128
,,,,
B,2,400,Algoritmo_2,102.811
,,,,
B,2,400,Algoritmo_2,104.238
,,,,
B,2,400,Algoritmo_2,101.044
,,,,
B,2,400,Algoritmo_2,105.795
,,,,
B,2,400,Algoritmo_2,107.458
,,,,
B,2,400,Algoritmo_2,102.279
,,,,
B,2,400,Algoritmo_2,106.493
,,,,
B,2,400,Algoritmo_2,101.288
,,,,
B,2,400,Algoritmo_2,100.238
,,,,
B,2,400,Algoritmo_2,104.116
,,,,
B,2,400,Algoritmo_2,101.230
,,,,
B,2,400,Algoritmo_2,101.264
,,,,
B,2,400,Algoritmo_2,101.334
,,,,
B,2,400,Algoritmo_2,101.631
,,,,
B,4,400,Algoritmo_2,61.020
,,,,
B,4,400,Algoritmo_2,58.412
,,,,
B,4,400,Algoritmo_2,60.122
,,,,
B,4,400,Algoritmo_2,61.298
,,,,
B,4,400,Algoritmo_2,61.030
,,,,
B,4,400,Algoritmo_2,58.806
,,,,
B,4,400,Algoritmo_2,59.435
,,,,
B,4,400,Algoritmo_2,59.519
,,,,
B,4,400,Algoritmo_2,60.928
,,,,
B,4,400,Algoritmo_2,61.745
,,,,
B,4,400,Algoritmo_2,58.477
,,,,
B,4,400,Algoritmo_2,59.255
,,,,
B,4,400,Algoritmo_2,59.009
,,,,
B,4,400,Algoritmo_2,60.281
,,,,
B,4,400,Algoritmo_2,63.669
,,,,
B,4,400,Algoritmo_2,59.957
,,,,
B,4,400,Algoritmo_2,63.789
,,,,
B,4,400,Algoritmo_2,59.196
,,,,
B,4,400,Algoritmo_2,59.381
,,,,
B,4,400,Algoritmo_2,63.191
,,,,
B,4,400,Algoritmo_2,60.226
,,,,
B,4,400,Algoritmo_2,62.780
,,,,
B,4,400,Algoritmo_2,59.659
,,,,
B,4,400,Algoritmo_2,60.248
,,,,
B,4,400,Algoritmo_2,59.462
,,,,
B,4,400,Algoritmo_2,63.147
,,,,
B,4,400,Algoritmo_2,60.532
,,,,
B,4,400,Algoritmo_2,61.136
,,,,
B,4,400,Algoritmo_2,62.737
,,,,
B,4,400,Algoritmo_2,62.055
,,,,
B,4,400,Algoritmo_2,61.531
,,,,
B,4,400,Algoritmo_2,63.167
,,,,
B,4,400,Algoritmo_2,59.870
,,,,
B,4,400,Algoritmo_2,59.326
,,,,
B,4,400,Algoritmo_2,62.301
,,,,
B,4,400,Algoritmo_2,62.020
,,,,
B,8,400,Algoritmo_2,0
B,8,400,Algoritmo_2,0
B,8,400,Algoritmo_2,0
B,8,400,Algoritmo_2,0
B,8,400,Algoritmo_2,0
B,8,400,Algoritmo_2,0
B,8,400,Algoritmo_2,0
B,8,400,Algoritmo_2,0
B,8,400,Algoritmo_2,0
B,8,400,Algoritmo_2,0
B,8,400,Algoritmo_2,0
B,8,400,Algoritmo_2,0
B,8,400,Algoritmo_2,0
B,8,400,Algoritmo_2,0
B,8,400,Algoritmo_2,0
B,8,400,Algoritmo_2,0
B,8,400,Algoritmo_2,0
B,8,400,Algoritmo_2,0
B,8,400,Algoritmo_2,0
B,8,400,Algoritmo_2,0
B,8,400,Algoritmo_2,0
B,8,400,Algoritmo_2,0
B,8,400,Algoritmo_2,0
B,8,400,Algoritmo_2,0
B,8,400,Algoritmo_2,0
B,8,400,Algoritmo_2,0
B,8,400,Algoritmo_2,0
B,8,400,Algoritmo_2,0
B,8,400,Algoritmo_2,0
B,8,400,Algoritmo_2,0
B,8,400,Algoritmo_2,0
B,8,400,Algoritmo_2,0
B,8,400,Algoritmo_2,0
B,8,400,Algoritmo_2,0
B,8,400,Algoritmo_2,0
B,8,400,Algoritmo_2,0
B,1,400,Algoritmo_3,201.844
,,,,
B,1,400,Algoritmo_3,195.196
,,,,
B,1,400,Algoritmo_3,196.412
,,,,
B,1,400,Algoritmo_3,205.081
,,,,
B,1,400,Algoritmo_3,196.859
,,,,
B,1,400,Algoritmo_3,191.803
,,,,
B,1,400,Algoritmo_3,190.744
,,,,
B,1,400,Algoritmo_3,191.481
,,,,
B,1,400,Algoritmo_3,189.948
,,,,
B,1,400,Algoritmo_3,201.641
,,,,
B,1,400,Algoritmo_3,192.883
,,,,
B,1,400,Algoritmo_3,195.478
,,,,
B,1,400,Algoritmo_3,191.588
,,,,
B,1,400,Algoritmo_3,203.824
,,,,
B,1,400,Algoritmo_3,192.621
,,,,
B,1,400,Algoritmo_3,197.866
,,,,
B,1,400,Algoritmo_3,195.246
,,,,
B,1,400,Algoritmo_3,201.178
,,,,
B,1,400,Algoritmo_3,194.397
,,,,
B,1,400,Algoritmo_3,191.682
,,,,
B,1,400,Algoritmo_3,194.055
,,,,
B,1,400,Algoritmo_3,189.242
,,,,
B,1,400,Algoritmo_3,203.644
,,,,
B,1,400,Algoritmo_3,193.633
,,,,
B,1,400,Algoritmo_3,202.995
,,,,
B,1,400,Algoritmo_3,195.521
,,,,
B,1,400,Algoritmo_3,196.505
,,,,
B,1,400,Algoritmo_3,192.506
,,,,
B,1,400,Algoritmo_3,200.748
,,,,
B,1,400,Algoritmo_3,191.265
,,,,
B,1,400,Algoritmo_3,199.889
,,,,
B,1,400,Algoritmo_3,192.247
,,,,
B,1,400,Algoritmo_3,190.112
,,,,
B,1,400,Algoritmo_3,190.639
,,,,
B,1,400,Algoritmo_3,189.684
,,,,
B,1,400,Algoritmo_3,200.107
,,,,
B,2,400,Algoritmo_3,101.889
,,,,
B,2,400,Algoritmo_3,111.708
,,,,
B,2,400,Algoritmo_3,102.051
,,,,
B,2,400,Algoritmo_3,100.183
,,,,
B,2,400,Algoritmo_3,101.399
,,,,
B,2,400,Algoritmo_3,104.231
,,,,
B,2,400,Algoritmo_3,105.729
,,,,
B,2,400,Algoritmo_3,101.197
,,,,
B,2,400,Algoritmo_3,105.137
,,,,
B,2,400,Algoritmo_3,100.507
,,,,
B,2,400,Algoritmo_3,99.869
,,,,
B,2,400,Algoritmo_3,101.848
,,,,
B,2,400,Algoritmo_3,106.820
,,,,
B,2,400,Algoritmo_3,108.276
,,,,
B,2,400,Algoritmo_3,99.872
,,,,
B,2,400,Algoritmo_3,110.269
,,,,
B,2,400,Algoritmo_3,101.506
,,,,
B,2,400,Algoritmo_3,102.988
,,,,
B,2,400,Algoritmo_3,105.469
,,,,
B,2,400,Algoritmo_3,103.536
,,,,
B,2,400,Algoritmo_3,99.663
,,,,
B,2,400,Algoritmo_3,105.028
,,,,
B,2,400,Algoritmo_3,106.090
,,,,
B,2,400,Algoritmo_3,103.986
,,,,
B,2,400,Algoritmo_3,104.594
,,,,
B,2,400,Algoritmo_3,104.187
,,,,
B,2,400,Algoritmo_3,103.520
,,,,
B,2,400,Algoritmo_3,107.338
,,,,
B,2,400,Algoritmo_3,100.568
,,,,
B,2,400,Algoritmo_3,100.335
,,,,
B,2,400,Algoritmo_3,107.451
,,,,
B,2,400,Algoritmo_3,101.365
,,,,
B,2,400,Algoritmo_3,98.529
,,,,
B,2,400,Algoritmo_3,103.307
,,,,
B,2,400,Algoritmo_3,105.442
,,,,
B,2,400,Algoritmo_3,106.542
,,,,
B,4,400,Algoritmo_3,64.403
,,,,
B,4,400,Algoritmo_3,64.944
,,,,
B,4,400,Algoritmo_3,64.564
,,,,
B,4,400,Algoritmo_3,63.896
,,,,
B,4,400,Algoritmo_3,66.748
,,,,
B,4,400,Algoritmo_3,62.118
,,,,
B,4,400,Algoritmo_3,62.571
,,,,
B,4,400,Algoritmo_3,62.954
,,,,
B,4,400,Algoritmo_3,63.987
,,,,
B,4,400,Algoritmo_3,64.258
,,,,
B,4,400,Algoritmo_3,65.594
,,,,
B,4,400,Algoritmo_3,65.814
,,,,
B,4,400,Algoritmo_3,61.693
,,,,
B,4,400,Algoritmo_3,64.939
,,,,
B,4,400,Algoritmo_3,64.198
,,,,
B,4,400,Algoritmo_3,64.377
,,,,
B,4,400,Algoritmo_3,66.995
,,,,
B,4,400,Algoritmo_3,63.738
,,,,
B,4,400,Algoritmo_3,63.867
,,,,
B,4,400,Algoritmo_3,64.120
,,,,
B,4,400,Algoritmo_3,64.511
,,,,
B,4,400,Algoritmo_3,67.188
,,,,
B,4,400,Algoritmo_3,64.437
,,,,
B,4,400,Algoritmo_3,63.415
,,,,
B,4,400,Algoritmo_3,64.541
,,,,
B,4,400,Algoritmo_3,63.990
,,,,
B,4,400,Algoritmo_3,65.588
,,,,
B,4,400,Algoritmo_3,64.633
,,,,
B,4,400,Algoritmo_3,64.700
,,,,
B,4,400,Algoritmo_3,63.887
,,,,
B,4,400,Algoritmo_3,65.200
,,,,
B,4,400,Algoritmo_3,64.283
,,,,
B,4,400,Algoritmo_3,62.962
,,,,
B,4,400,Algoritmo_3,62.748
,,,,
B,4,400,Algoritmo_3,67.712
,,,,
B,4,400,Algoritmo_3,64.144
,,,,
B,8,400,Algoritmo_3,0
B,8,400,Algoritmo_3,0
B,8,400,Algoritmo_3,0
B,8,400,Algoritmo_3,0
B,8,400,Algoritmo_3,0
B,8,400,Algoritmo_3,0
B,8,400,Algoritmo_3,0
B,8,400,Algoritmo_3,0
B,8,400,Algoritmo_3,0
B,8,400,Algoritmo_3,0
B,8,400,Algoritmo_3,0
B,8,400,Algoritmo_3,0
B,8,400,Algoritmo_3,0
B,8,400,Algoritmo_3,0
B,8,400,Algoritmo_3,0
B,8,400,Algoritmo_3,0
B,8,400,Algoritmo_3,0
B,8,400,Algoritmo_3,0
B,8,400,Algoritmo_3,0
B,8,400,Algoritmo_3,0
B,8,400,Algoritmo_3,0
B,8,400,Algoritmo_3,0
B,8,400,Algoritmo_3,0
B,8,400,Algoritmo_3,0
B,8,400,Algoritmo_3,0
B,8,400,Algoritmo_3,0
B,8,400,Algoritmo_3,0
B,8,400,Algoritmo_3,0
B,8,400,Algoritmo_3,0
B,8,400,Algoritmo_3,0
B,8,400,Algoritmo_3,0
B,8,400,Algoritmo_3,0
B,8,400,Algoritmo_3,0
B,8,400,Algoritmo_3,0
B,8,400,Algoritmo_3,0
B,8,400,Algoritmo_3,0
B,1,1000,Algoritmo_1,3.679.354
,,,,
B,1,1000,Algoritmo_1,3.678.947
,,,,
B,1,1000,Algoritmo_1,3.668.535
,,,,
B,1,1000,Algoritmo_1,3.667.277
,,,,
B,1,1000,Algoritmo_1,3.703.200
,,,,
B,1,1000,Algoritmo_1,3.692.607
,,,,
B,1,1000,Algoritmo_1,3.773.137
,,,,
B,1,1000,Algoritmo_1,3.689.899
,,,,
B,1,1000,Algoritmo_1,3.689.211
,,,,
B,1,1000,Algoritmo_1,3.698.462
,,,,
B,1,1000,Algoritmo_1,3.688.692
,,,,
B,1,1000,Algoritmo_1,3.682.578
,,,,
B,1,1000,Algoritmo_1,3.674.942
,,,,
B,1,1000,Algoritmo_1,3.701.432
,,,,
B,1,1000,Algoritmo_1,3.716.207
,,,,
B,1,1000,Algoritmo_1,3.689.881
,,,,
B,1,1000,Algoritmo_1,3.703.755
,,,,
B,1,1000,Algoritmo_1,3.728.690
,,,,
B,1,1000,Algoritmo_1,3.678.039
,,,,
B,1,1000,Algoritmo_1,3.693.702
,,,,
B,1,1000,Algoritmo_1,3.729.156
,,,,
B,1,1000,Algoritmo_1,3.700.826
,,,,
B,1,1000,Algoritmo_1,3.674.398
,,,,
B,1,1000,Algoritmo_1,3.671.757
,,,,
B,1,1000,Algoritmo_1,3.676.322
,,,,
B,1,1000,Algoritmo_1,3.719.656
,,,,
B,1,1000,Algoritmo_1,3.710.270
,,,,
B,1,1000,Algoritmo_1,3.669.830
,,,,
B,1,1000,Algoritmo_1,3.667.256
,,,,
B,1,1000,Algoritmo_1,3.683.923
,,,,
B,1,1000,Algoritmo_1,3.651.187
,,,,
B,1,1000,Algoritmo_1,3.662.475
,,,,
B,1,1000,Algoritmo_1,3.798.221
,,,,
B,1,1000,Algoritmo_1,3.691.547
,,,,
B,1,1000,Algoritmo_1,3.688.205
,,,,
B,1,1000,Algoritmo_1,3.674.102
,,,,
B,2,1000,Algoritmo_1,1.845.813
,,,,
B,2,1000,Algoritmo_1,1.842.803
,,,,
B,2,1000,Algoritmo_1,1.851.172
,,,,
B,2,1000,Algoritmo_1,1.856.043
,,,,
B,2,1000,Algoritmo_1,1.847.073
,,,,
B,2,1000,Algoritmo_1,1.781.608
,,,,
B,2,1000,Algoritmo_1,1.839.869
,,,,
B,2,1000,Algoritmo_1,1.856.598
,,,,
B,2,1000,Algoritmo_1,1.855.184
,,,,
B,2,1000,Algoritmo_1,1.778.792
,,,,
B,2,1000,Algoritmo_1,1.831.403
,,,,
B,2,1000,Algoritmo_1,1.867.839
,,,,
B,2,1000,Algoritmo_1,1.842.538
,,,,
B,2,1000,Algoritmo_1,1.847.398
,,,,
B,2,1000,Algoritmo_1,1.837.859
,,,,
B,2,1000,Algoritmo_1,1.820.624
,,,,
B,2,1000,Algoritmo_1,1.844.845
,,,,
B,2,1000,Algoritmo_1,1.842.079
,,,,
B,2,1000,Algoritmo_1,1.795.455
,,,,
B,2,1000,Algoritmo_1,1.866.200
,,,,
B,2,1000,Algoritmo_1,1.839.489
,,,,
B,2,1000,Algoritmo_1,1.860.190
,,,,
B,2,1000,Algoritmo_1,1.858.763
,,,,
B,2,1000,Algoritmo_1,1.770.731
,,,,
B,2,1000,Algoritmo_1,1.826.119
,,,,
B,2,1000,Algoritmo_1,1.838.731
,,,,
B,2,1000,Algoritmo_1,1.851.860
,,,,
B,2,1000,Algoritmo_1,1.855.083
,,,,
B,2,1000,Algoritmo_1,1.850.042
,,,,
B,2,1000,Algoritmo_1,1.842.572
,,,,
B,2,1000,Algoritmo_1,1.835.863
,,,,
B,2,1000,Algoritmo_1,1.837.011
,,,,
B,2,1000,Algoritmo_1,1.842.289
,,,,
B,2,1000,Algoritmo_1,1.849.784
,,,,
B,2,1000,Algoritmo_1,1.842.060
,,,,
B,2,1000,Algoritmo_1,1.799.007
,,,,
B,4,1000,Algoritmo_1,1.005.589
,,,,
B,4,1000,Algoritmo_1,999.683
,,,,
B,4,1000,Algoritmo_1,1.002.089
,,,,
B,4,1000,Algoritmo_1,1.010.757
,,,,
B,4,1000,Algoritmo_1,1.004.413
,,,,
B,4,1000,Algoritmo_1,1.003.417
,,,,
B,4,1000,Algoritmo_1,1.003.734
,,,,
B,4,1000,Algoritmo_1,999.207
,,,,
B,4,1000,Algoritmo_1,1.006.544
,,,,
B,4,1000,Algoritmo_1,1.007.279
,,,,
B,4,1000,Algoritmo_1,1.005.923
,,,,
B,4,1000,Algoritmo_1,1.000.226
,,,,
B,4,1000,Algoritmo_1,1.001.165
,,,,
B,4,1000,Algoritmo_1,1.019.137
,,,,
B,4,1000,Algoritmo_1,1.000.926
,,,,
B,4,1000,Algoritmo_1,1.011.103
,,,,
B,4,1000,Algoritmo_1,1.002.274
,,,,
B,4,1000,Algoritmo_1,1.007.763
,,,,
B,4,1000,Algoritmo_1,1.004.364
,,,,
B,4,1000,Algoritmo_1,1.007.849
,,,,
B,4,1000,Algoritmo_1,1.016.546
,,,,
B,4,1000,Algoritmo_1,1.006.983
,,,,
B,4,1000,Algoritmo_1,1.007.226
,,,,
B,4,1000,Algoritmo_1,1.005.778
,,,,
B,4,1000,Algoritmo_1,1.004.742
,,,,
B,4,1000,Algoritmo_1,1.009.599
,,,,
B,4,1000,Algoritmo_1,1.014.540
,,,,
B,4,1000,Algoritmo_1,1.001.447
,,,,
B,4,1000,Algoritmo_1,1.007.857
,,,,
B,4,1000,Algoritmo_1,1.011.306
,,,,
B,4,1000,Algoritmo_1,1.004.572
,,,,
B,4,1000,Algoritmo_1,998.198
,,,,
B,4,1000,Algoritmo_1,1.004.671
,,,,
B,4,1000,Algoritmo_1,1.006.503
,,,,
B,4,1000,Algoritmo_1,1.025.474
,,,,
B,4,1000,Algoritmo_1,1.001.786
,,,,
B,8,1000,Algoritmo_1,0
B,8,1000,Algoritmo_1,0
B,8,1000,Algoritmo_1,0
B,8,1000,Algoritmo_1,0
B,8,1000,Algoritmo_1,0
B,8,1000,Algoritmo_1,0
B,8,1000,Algoritmo_1,0
B,8,1000,Algoritmo_1,0
B,8,1000,Algoritmo_1,0
B,8,1000,Algoritmo_1,0
B,8,1000,Algoritmo_1,0
B,8,1000,Algoritmo_1,0
B,8,1000,Algoritmo_1,0
B,8,1000,Algoritmo_1,0
B,8,1000,Algoritmo_1,0
B,8,1000,Algoritmo_1,0
B,8,1000,Algoritmo_1,0
B,8,1000,Algoritmo_1,0
B,8,1000,Algoritmo_1,0
B,8,1000,Algoritmo_1,0
B,8,1000,Algoritmo_1,0
B,8,1000,Algoritmo_1,0
B,8,1000,Algoritmo_1,0
B,8,1000,Algoritmo_1,0
B,8,1000,Algoritmo_1,0
B,8,1000,Algoritmo_1,0
B,8,1000,Algoritmo_1,0
B,8,1000,Algoritmo_1,0
B,8,1000,Algoritmo_1,0
B,8,1000,Algoritmo_1,0
B,8,1000,Algoritmo_1,0
B,8,1000,Algoritmo_1,0
B,8,1000,Algoritmo_1,0
B,8,1000,Algoritmo_1,0
B,8,1000,Algoritmo_1,0
B,8,1000,Algoritmo_1,0
B,1,1000,Algoritmo_2,2.934.568
,,,,
B,1,1000,Algoritmo_2,2.926.348
,,,,
B,1,1000,Algoritmo_2,2.928.055
,,,,
B,1,1000,Algoritmo_2,2.916.024
,,,,
B,1,1000,Algoritmo_2,2.925.237
,,,,
B,1,1000,Algoritmo_2,2.926.285
,,,,
B,1,1000,Algoritmo_2,2.927.138
,,,,
B,1,1000,Algoritmo_2,2.941.324
,,,,
B,1,1000,Algoritmo_2,2.932.829
,,,,
B,1,1000,Algoritmo_2,2.938.833
,,,,
B,1,1000,Algoritmo_2,2.940.545
,,,,
B,1,1000,Algoritmo_2,2.930.453
,,,,
B,1,1000,Algoritmo_2,2.939.339
,,,,
B,1,1000,Algoritmo_2,2.934.368
,,,,
B,1,1000,Algoritmo_2,2.934.149
,,,,
B,1,1000,Algoritmo_2,3.005.800
,,,,
B,1,1000,Algoritmo_2,2.933.055
,,,,
B,1,1000,Algoritmo_2,2.934.811
,,,,
B,1,1000,Algoritmo_2,2.934.743
,,,,
B,1,1000,Algoritmo_2,2.932.219
,,,,
B,1,1000,Algoritmo_2,2.978.473
,,,,
B,1,1000,Algoritmo_2,2.926.526
,,,,
B,1,1000,Algoritmo_2,2.939.965
,,,,
B,1,1000,Algoritmo_2,2.936.774
,,,,
B,1,1000,Algoritmo_2,2.931.533
,,,,
B,1,1000,Algoritmo_2,3.059.480
,,,,
B,1,1000,Algoritmo_2,2.925.998
,,,,
B,1,1000,Algoritmo_2,2.929.426
,,,,
B,1,1000,Algoritmo_2,2.940.421
,,,,
B,1,1000,Algoritmo_2,2.952.957
,,,,
B,1,1000,Algoritmo_2,2.941.502
,,,,
B,1,1000,Algoritmo_2,2.930.429
,,,,
B,1,1000,Algoritmo_2,2.939.512
,,,,
B,1,1000,Algoritmo_2,2.933.400
,,,,
B,1,1000,Algoritmo_2,2.932.185
,,,,
B,1,1000,Algoritmo_2,2.930.981
,,,,
B,2,1000,Algoritmo_2,1.510.121
,,,,
B,2,1000,Algoritmo_2,1.473.427
,,,,
B,2,1000,Algoritmo_2,1.511.477
,,,,
B,2,1000,Algoritmo_2,1.479.877
,,,,
B,2,1000,Algoritmo_2,1.512.628
,,,,
B,2,1000,Algoritmo_2,1.511.188
,,,,
B,2,1000,Algoritmo_2,1.511.987
,,,,
B,2,1000,Algoritmo_2,1.511.138
,,,,
B,2,1000,Algoritmo_2,1.513.051
,,,,
B,2,1000,Algoritmo_2,1.471.699
,,,,
B,2,1000,Algoritmo_2,1.471.926
,,,,
B,2,1000,Algoritmo_2,1.514.301
,,,,
B,2,1000,Algoritmo_2,1.512.217
,,,,
B,2,1000,Algoritmo_2,1.515.639
,,,,
B,2,1000,Algoritmo_2,1.509.121
,,,,
B,2,1000,Algoritmo_2,1.510.644
,,,,
B,2,1000,Algoritmo_2,1.508.953
,,,,
B,2,1000,Algoritmo_2,1.475.900
,,,,
B,2,1000,Algoritmo_2,1.511.494
,,,,
B,2,1000,Algoritmo_2,1.508.300
,,,,
B,2,1000,Algoritmo_2,1.507.131
,,,,
B,2,1000,Algoritmo_2,1.509.543
,,,,
B,2,1000,Algoritmo_2,1.511.044
,,,,
B,2,1000,Algoritmo_2,1.477.838
,,,,
B,2,1000,Algoritmo_2,1.507.863
,,,,
B,2,1000,Algoritmo_2,1.508.425
,,,,
B,2,1000,Algoritmo_2,1.473.176
,,,,
B,2,1000,Algoritmo_2,1.475.006
,,,,
B,2,1000,Algoritmo_2,1.513.454
,,,,
B,2,1000,Algoritmo_2,1.513.670
,,,,
B,2,1000,Algoritmo_2,1.475.422
,,,,
B,2,1000,Algoritmo_2,1.512.569
,,,,
B,2,1000,Algoritmo_2,1.501.436
,,,,
B,2,1000,Algoritmo_2,1.511.777
,,,,
B,2,1000,Algoritmo_2,1.510.632
,,,,
B,2,1000,Algoritmo_2,1.510.431
,,,,
B,4,1000,Algoritmo_2,764.787
,,,,
B,4,1000,Algoritmo_2,763.519
,,,,
B,4,1000,Algoritmo_2,738.922
,,,,
B,4,1000,Algoritmo_2,766.682
,,,,
B,4,1000,Algoritmo_2,763.685
,,,,
B,4,1000,Algoritmo_2,743.539
,,,,
B,4,1000,Algoritmo_2,765.908
,,,,
B,4,1000,Algoritmo_2,765.391
,,,,
B,4,1000,Algoritmo_2,758.268
,,,,
B,4,1000,Algoritmo_2,764.160
,,,,
B,4,1000,Algoritmo_2,765.001
,,,,
B,4,1000,Algoritmo_2,767.464
,,,,
B,4,1000,Algoritmo_2,745.602
,,,,
B,4,1000,Algoritmo_2,766.551
,,,,
B,4,1000,Algoritmo_2,759.594
,,,,
B,4,1000,Algoritmo_2,766.942
,,,,
B,4,1000,Algoritmo_2,766.126
,,,,
B,4,1000,Algoritmo_2,767.009
,,,,
B,4,1000,Algoritmo_2,767.252
,,,,
B,4,1000,Algoritmo_2,763.111
,,,,
B,4,1000,Algoritmo_2,763.674
,,,,
B,4,1000,Algoritmo_2,769.204
,,,,
B,4,1000,Algoritmo_2,769.008
,,,,
B,4,1000,Algoritmo_2,744.344
,,,,
B,4,1000,Algoritmo_2,764.568
,,,,
B,4,1000,Algoritmo_2,770.940
,,,,
B,4,1000,Algoritmo_2,764.089
,,,,
B,4,1000,Algoritmo_2,767.496
,,,,
B,4,1000,Algoritmo_2,765.457
,,,,
B,4,1000,Algoritmo_2,761.848
,,,,
B,4,1000,Algoritmo_2,765.140
,,,,
B,4,1000,Algoritmo_2,775.037
,,,,
B,4,1000,Algoritmo_2,767.125
,,,,
B,4,1000,Algoritmo_2,765.616
,,,,
B,4,1000,Algoritmo_2,759.353
,,,,
B,4,1000,Algoritmo_2,764.416
,,,,
B,8,1000,Algoritmo_2,0
B,8,1000,Algoritmo_2,0
B,8,1000,Algoritmo_2,0
B,8,1000,Algoritmo_2,0
B,8,1000,Algoritmo_2,0
B,8,1000,Algoritmo_2,0
B,8,1000,Algoritmo_2,0
B,8,1000,Algoritmo_2,0
B,8,1000,Algoritmo_2,0
B,8,1000,Algoritmo_2,0
B,8,1000,Algoritmo_2,0
B,8,1000,Algoritmo_2,0
B,8,1000,Algoritmo_2,0
B,8,1000,Algoritmo_2,0
B,8,1000,Algoritmo_2,0
B,8,1000,Algoritmo_2,0
B,8,1000,Algoritmo_2,0
B,8,1000,Algoritmo_2,0
B,8,1000,Algoritmo_2,0
B,8,1000,Algoritmo_2,0
B,8,1000,Algoritmo_2,0
B,8,1000,Algoritmo_2,0
B,8,1000,Algoritmo_2,0
B,8,1000,Algoritmo_2,0
B,8,1000,Algoritmo_2,0
B,8,1000,Algoritmo_2,0
B,8,1000,Algoritmo_2,0
B,8,1000,Algoritmo_2,0
B,8,1000,Algoritmo_2,0
B,8,1000,Algoritmo_2,0
B,8,1000,Algoritmo_2,0
B,8,1000,Algoritmo_2,0
B,8,1000,Algoritmo_2,0
B,8,1000,Algoritmo_2,0
B,8,1000,Algoritmo_2,0
B,8,1000,Algoritmo_2,0
B,1,1000,Algoritmo_3,4.072.119
,,,,
B,1,1000,Algoritmo_3,3.998.288
,,,,
B,1,1000,Algoritmo_3,3.997.045
,,,,
B,1,1000,Algoritmo_3,4.032.374
,,,,
B,1,1000,Algoritmo_3,4.047.979
,,,,
B,1,1000,Algoritmo_3,3.980.950
,,,,
B,1,1000,Algoritmo_3,4.090.185
,,,,
B,1,1000,Algoritmo_3,3.981.842
,,,,
B,1,1000,Algoritmo_3,4.060.765
,,,,
B,1,1000,Algoritmo_3,4.046.918
,,,,
B,1,1000,Algoritmo_3,4.087.618
,,,,
B,1,1000,Algoritmo_3,4.052.996
,,,,
B,1,1000,Algoritmo_3,3.987.604
,,,,
B,1,1000,Algoritmo_3,4.013.103
,,,,
B,1,1000,Algoritmo_3,4.024.658
,,,,
B,1,1000,Algoritmo_3,3.989.685
,,,,
B,1,1000,Algoritmo_3,4.069.601
,,,,
B,1,1000,Algoritmo_3,4.091.010
,,,,
B,1,1000,Algoritmo_3,3.972.099
,,,,
B,1,1000,Algoritmo_3,4.046.567
,,,,
B,1,1000,Algoritmo_3,4.087.537
,,,,
B,1,1000,Algoritmo_3,4.042.622
,,,,
B,1,1000,Algoritmo_3,4.033.095
,,,,
B,1,1000,Algoritmo_3,4.083.700
,,,,
B,1,1000,Algoritmo_3,4.079.655
,,,,
B,1,1000,Algoritmo_3,4.079.129
,,,,
B,1,1000,Algoritmo_3,4.076.456
,,,,
B,1,1000,Algoritmo_3,4.068.447
,,,,
B,1,1000,Algoritmo_3,4.087.324
,,,,
B,1,1000,Algoritmo_3,4.100.781
,,,,
B,1,1000,Algoritmo_3,4.089.153
,,,,
B,1,1000,Algoritmo_3,4.088.457
,,,,
B,1,1000,Algoritmo_3,4.088.636
,,,,
B,1,1000,Algoritmo_3,4.007.515
,,,,
B,1,1000,Algoritmo_3,4.022.733
,,,,
B,1,1000,Algoritmo_3,4.000.798
,,,,
B,2,1000,Algoritmo_3,2.023.850
,,,,
B,2,1000,Algoritmo_3,2.020.695
,,,,
B,2,1000,Algoritmo_3,2.026.609
,,,,
B,2,1000,Algoritmo_3,2.023.712
,,,,
B,2,1000,Algoritmo_3,2.026.695
,,,,
B,2,1000,Algoritmo_3,2.020.240
,,,,
B,2,1000,Algoritmo_3,2.023.815
,,,,
B,2,1000,Algoritmo_3,2.030.527
,,,,
B,2,1000,Algoritmo_3,2.025.405
,,,,
B,2,1000,Algoritmo_3,2.025.475
,,,,
B,2,1000,Algoritmo_3,2.022.545
,,,,
B,2,1000,Algoritmo_3,2.022.898
,,,,
B,2,1000,Algoritmo_3,2.017.133
,,,,
B,2,1000,Algoritmo_3,2.015.865
,,,,
B,2,1000,Algoritmo_3,2.040.150
,,,,
B,2,1000,Algoritmo_3,2.018.119
,,,,
B,2,1000,Algoritmo_3,2.014.259
,,,,
B,2,1000,Algoritmo_3,2.029.484
,,,,
B,2,1000,Algoritmo_3,2.021.357
,,,,
B,2,1000,Algoritmo_3,2.019.938
,,,,
B,2,1000,Algoritmo_3,2.018.341
,,,,
B,2,1000,Algoritmo_3,2.033.914
,,,,
B,2,1000,Algoritmo_3,2.028.509
,,,,
B,2,1000,Algoritmo_3,2.023.398
,,,,
B,2,1000,Algoritmo_3,2.028.378
,,,,
B,2,1000,Algoritmo_3,2.018.464
,,,,
B,2,1000,Algoritmo_3,2.014.600
,,,,
B,2,1000,Algoritmo_3,2.026.035
,,,,
B,2,1000,Algoritmo_3,2.024.612
,,,,
B,2,1000,Algoritmo_3,2.023.203
,,,,
B,2,1000,Algoritmo_3,2.014.453
,,,,
B,2,1000,Algoritmo_3,2.020.509
,,,,
B,2,1000,Algoritmo_3,2.011.064
,,,,
B,2,1000,Algoritmo_3,2.040.676
,,,,
B,2,1000,Algoritmo_3,2.033.184
,,,,
B,2,1000,Algoritmo_3,2.030.453
,,,,
B,4,1000,Algoritmo_3,1.017.788
,,,,
B,4,1000,Algoritmo_3,1.022.487
,,,,
B,4,1000,Algoritmo_3,1.013.249
,,,,
B,4,1000,Algoritmo_3,1.019.747
,,,,
B,4,1000,Algoritmo_3,1.010.467
,,,,
B,4,1000,Algoritmo_3,1.011.792
,,,,
B,4,1000,Algoritmo_3,1.017.380
,,,,
B,4,1000,Algoritmo_3,1.017.752
,,,,
B,4,1000,Algoritmo_3,1.012.929
,,,,
B,4,1000,Algoritmo_3,1.022.857
,,,,
B,4,1000,Algoritmo_3,1.015.466
,,,,
B,4,1000,Algoritmo_3,1.011.195
,,,,
B,4,1000,Algoritmo_3,1.013.031
,,,,
B,4,1000,Algoritmo_3,1.012.795
,,,,
B,4,1000,Algoritmo_3,1.018.228
,,,,
B,4,1000,Algoritmo_3,1.021.472
,,,,
B,4,1000,Algoritmo_3,1.011.809
,,,,
B,4,1000,Algoritmo_3,1.012.711
,,,,
B,4,1000,Algoritmo_3,1.013.520
,,,,
B,4,1000,Algoritmo_3,1.010.286
,,,,
B,4,1000,Algoritmo_3,1.014.894
,,,,
B,4,1000,Algoritmo_3,1.012.247
,,,,
B,4,1000,Algoritmo_3,1.012.785
,,,,
B,4,1000,Algoritmo_3,1.040.887
,,,,
B,4,1000,Algoritmo_3,1.017.581
,,,,
B,4,1000,Algoritmo_3,1.014.015
,,,,
B,4,1000,Algoritmo_3,1.044.727
,,,,
B,4,1000,Algoritmo_3,1.051.590
,,,,
B,4,1000,Algoritmo_3,1.052.577
,,,,
B,4,1000,Algoritmo_3,1.048.204
,,,,
B,4,1000,Algoritmo_3,1.049.705
,,,,
B,4,1000,Algoritmo_3,1.045.778
,,,,
B,4,1000,Algoritmo_3,1.017.022
,,,,
B,4,1000,Algoritmo_3,1.057.319
,,,,
B,4,1000,Algoritmo_3,1.054.673
,,,,
B,4,1000,Algoritmo_3,1.051.609
,,,,
B,8,1000,Algoritmo_3,0
B,8,1000,Algoritmo_3,0
B,8,1000,Algoritmo_3,0
B,8,1000,Algoritmo_3,0
B,8,1000,Algoritmo_3,0
B,8,1000,Algoritmo_3,0
B,8,1000,Algoritmo_3,0
B,8,1000,Algoritmo_3,0
B,8,1000,Algoritmo_3,0
B,8,1000,Algoritmo_3,0
B,8,1000,Algoritmo_3,0
B,8,1000,Algoritmo_3,0
B,8,1000,Algoritmo_3,0
B,8,1000,Algoritmo_3,0
B,8,1000,Algoritmo_3,0
B,8,1000,Algoritmo_3,0
B,8,1000,Algoritmo_3,0
B,8,1000,Algoritmo_3,0
B,8,1000,Algoritmo_3,0
B,8,1000,Algoritmo_3,0
B,8,1000,Algoritmo_3,0
B,8,1000,Algoritmo_3,0
B,8,1000,Algoritmo_3,0
B,8,1000,Algoritmo_3,0
B,8,1000,Algoritmo_3,0
B,8,1000,Algoritmo_3,0
B,8,1000,Algoritmo_3,0
B,8,1000,Algoritmo_3,0
B,8,1000,Algoritmo_3,0
B,8,1000,Algoritmo_3,0
B,8,1000,Algoritmo_3,0
B,8,1000,Algoritmo_3,0
B,8,1000,Algoritmo_3,0
B,8,1000,Algoritmo_3,0
B,8,1000,Algoritmo_3,0
B,8,1000,Algoritmo_3,0
B,1,2000,Algoritmo_1,32.867.599
,,,,
B,1,2000,Algoritmo_1,32.213.297
,,,,
B,1,2000,Algoritmo_1,32.170.438
,,,,
B,1,2000,Algoritmo_1,32.506.038
,,,,
B,1,2000,Algoritmo_1,32.009.861
,,,,
B,1,2000,Algoritmo_1,32.026.687
,,,,
B,1,2000,Algoritmo_1,32.004.853
,,,,
B,1,2000,Algoritmo_1,31.917.913
,,,,
B,1,2000,Algoritmo_1,31.960.317
,,,,
B,1,2000,Algoritmo_1,31.994.000
,,,,
B,1,2000,Algoritmo_1,31.936.839
,,,,
B,1,2000,Algoritmo_1,32.052.871
,,,,
B,1,2000,Algoritmo_1,32.093.332
,,,,
B,1,2000,Algoritmo_1,32.112.663
,,,,
B,1,2000,Algoritmo_1,31.950.228
,,,,
B,1,2000,Algoritmo_1,31.950.365
,,,,
B,1,2000,Algoritmo_1,31.954.705
,,,,
B,1,2000,Algoritmo_1,32.011.513
,,,,
B,1,2000,Algoritmo_1,31.976.988
,,,,
B,1,2000,Algoritmo_1,32.010.444
,,,,
B,1,2000,Algoritmo_1,32.063.502
,,,,
B,1,2000,Algoritmo_1,32.042.530
,,,,
B,1,2000,Algoritmo_1,32.151.001
,,,,
B,1,2000,Algoritmo_1,31.892.060
,,,,
B,1,2000,Algoritmo_1,31.997.999
,,,,
B,1,2000,Algoritmo_1,32.099.282
,,,,
B,1,2000,Algoritmo_1,31.936.969
,,,,
B,1,2000,Algoritmo_1,31.871.177
,,,,
B,1,2000,Algoritmo_1,32.025.871
,,,,
B,1,2000,Algoritmo_1,31.990.018
,,,,
B,1,2000,Algoritmo_1,31.981.511
,,,,
B,1,2000,Algoritmo_1,32.073.453
,,,,
B,1,2000,Algoritmo_1,32.011.252
,,,,
B,1,2000,Algoritmo_1,32.013.583
,,,,
B,1,2000,Algoritmo_1,32.549.544
,,,,
B,1,2000,Algoritmo_1,32.712.801
,,,,
B,2,2000,Algoritmo_1,16.237.210
,,,,
B,2,2000,Algoritmo_1,16.333.281
,,,,
B,2,2000,Algoritmo_1,16.314.036
,,,,
B,2,2000,Algoritmo_1,16.359.803
,,,,
B,2,2000,Algoritmo_1,16.305.390
,,,,
B,2,2000,Algoritmo_1,16.314.602
,,,,
B,2,2000,Algoritmo_1,16.328.520
,,,,
B,2,2000,Algoritmo_1,16.317.949
,,,,
B,2,2000,Algoritmo_1,16.338.488
,,,,
B,2,2000,Algoritmo_1,16.306.307
,,,,
B,2,2000,Algoritmo_1,16.382.604
,,,,
B,2,2000,Algoritmo_1,16.361.421
,,,,
B,2,2000,Algoritmo_1,16.314.095
,,,,
B,2,2000,Algoritmo_1,16.330.063
,,,,
B,2,2000,Algoritmo_1,16.315.259
,,,,
B,2,2000,Algoritmo_1,16.388.388
,,,,
B,2,2000,Algoritmo_1,16.357.257
,,,,
B,2,2000,Algoritmo_1,16.376.710
,,,,
B,2,2000,Algoritmo_1,16.311.115
,,,,
B,2,2000,Algoritmo_1,16.302.637
,,,,
B,2,2000,Algoritmo_1,16.316.081
,,,,
B,2,2000,Algoritmo_1,16.320.056
,,,,
B,2,2000,Algoritmo_1,16.365.043
,,,,
B,2,2000,Algoritmo_1,16.267.766
,,,,
B,2,2000,Algoritmo_1,16.270.179
,,,,
B,2,2000,Algoritmo_1,16.287.012
,,,,
B,2,2000,Algoritmo_1,16.422.291
,,,,
B,2,2000,Algoritmo_1,16.345.575
,,,,
B,2,2000,Algoritmo_1,16.298.160
,,,,
B,2,2000,Algoritmo_1,16.368.752
,,,,
B,2,2000,Algoritmo_1,16.289.542
,,,,
B,2,2000,Algoritmo_1,16.319.857
,,,,
B,2,2000,Algoritmo_1,16.471.711
,,,,
B,2,2000,Algoritmo_1,16.447.853
,,,,
B,2,2000,Algoritmo_1,16.323.040
,,,,
B,2,2000,Algoritmo_1,16.278.862
,,,,
B,4,2000,Algoritmo_1,8.092.496
,,,,
B,4,2000,Algoritmo_1,8.103.951
,,,,
B,4,2000,Algoritmo_1,8.298.200
,,,,
B,4,2000,Algoritmo_1,8.174.596
,,,,
B,4,2000,Algoritmo_1,8.439.706
,,,,
B,4,2000,Algoritmo_1,8.314.439
,,,,
B,4,2000,Algoritmo_1,8.669.572
,,,,
B,4,2000,Algoritmo_1,8.922.928
,,,,
B,4,2000,Algoritmo_1,8.989.683
,,,,
B,4,2000,Algoritmo_1,9.160.952
,,,,
B,4,2000,Algoritmo_1,9.225.296
,,,,
B,4,2000,Algoritmo_1,9.263.924
,,,,
B,4,2000,Algoritmo_1,9.246.219
,,,,
B,4,2000,Algoritmo_1,9.446.013
,,,,
B,4,2000,Algoritmo_1,9.323.785
,,,,
B,4,2000,Algoritmo_1,9.166.731
,,,,
B,4,2000,Algoritmo_1,9.187.027
,,,,
B,4,2000,Algoritmo_1,9.220.201
,,,,
B,4,2000,Algoritmo_1,9.188.202
,,,,
B,4,2000,Algoritmo_1,9.237.057
,,,,
B,4,2000,Algoritmo_1,9.144.486
,,,,
B,4,2000,Algoritmo_1,9.136.996
,,,,
B,4,2000,Algoritmo_1,9.161.296
,,,,
B,4,2000,Algoritmo_1,9.174.428
,,,,
B,4,2000,Algoritmo_1,9.157.465
,,,,
B,4,2000,Algoritmo_1,9.147.406
,,,,
B,4,2000,Algoritmo_1,9.215.921
,,,,
B,4,2000,Algoritmo_1,9.186.004
,,,,
B,4,2000,Algoritmo_1,9.258.836
,,,,
B,4,2000,Algoritmo_1,9.169.949
,,,,
B,4,2000,Algoritmo_1,9.147.289
,,,,
B,4,2000,Algoritmo_1,9.182.571
,,,,
B,4,2000,Algoritmo_1,9.206.048
,,,,
B,4,2000,Algoritmo_1,9.213.173
,,,,
B,4,2000,Algoritmo_1,9.254.065
,,,,
B,4,2000,Algoritmo_1,9.177.292
,,,,
B,8,2000,Algoritmo_1,0
B,8,2000,Algoritmo_1,0
B,8,2000,Algoritmo_1,0
B,8,2000,Algoritmo_1,0
B,8,2000,Algoritmo_1,0
B,8,2000,Algoritmo_1,0
B,8,2000,Algoritmo_1,0
B,8,2000,Algoritmo_1,0
B,8,2000,Algoritmo_1,0
B,8,2000,Algoritmo_1,0
B,8,2000,Algoritmo_1,0
B,8,2000,Algoritmo_1,0
B,8,2000,Algoritmo_1,0
B,8,2000,Algoritmo_1,0
B,8,2000,Algoritmo_1,0
B,8,2000,Algoritmo_1,0
B,8,2000,Algoritmo_1,0
B,8,2000,Algoritmo_1,0
B,8,2000,Algoritmo_1,0
B,8,2000,Algoritmo_1,0
B,8,2000,Algoritmo_1,0
B,8,2000,Algoritmo_1,0
B,8,2000,Algoritmo_1,0
B,8,2000,Algoritmo_1,0
B,8,2000,Algoritmo_1,0
B,8,2000,Algoritmo_1,0
B,8,2000,Algoritmo_1,0
B,8,2000,Algoritmo_1,0
B,8,2000,Algoritmo_1,0
B,8,2000,Algoritmo_1,0
B,8,2000,Algoritmo_1,0
B,8,2000,Algoritmo_1,0
B,8,2000,Algoritmo_1,0
B,8,2000,Algoritmo_1,0
B,8,2000,Algoritmo_1,0
B,8,2000,Algoritmo_1,0
B,1,2000,Algoritmo_2,23.477.757
,,,,
B,1,2000,Algoritmo_2,23.515.090
,,,,
B,1,2000,Algoritmo_2,23.485.414
,,,,
B,1,2000,Algoritmo_2,23.470.700
,,,,
B,1,2000,Algoritmo_2,23.482.284
,,,,
B,1,2000,Algoritmo_2,23.450.443
,,,,
B,1,2000,Algoritmo_2,23.460.718
,,,,
B,1,2000,Algoritmo_2,23.476.681
,,,,
B,1,2000,Algoritmo_2,23.445.042
,,,,
B,1,2000,Algoritmo_2,23.491.617
,,,,
B,1,2000,Algoritmo_2,23.475.570
,,,,
B,1,2000,Algoritmo_2,23.477.531
,,,,
B,1,2000,Algoritmo_2,23.494.376
,,,,
B,1,2000,Algoritmo_2,23.400.321
,,,,
B,1,2000,Algoritmo_2,23.443.925
,,,,
B,1,2000,Algoritmo_2,23.440.265
,,,,
B,1,2000,Algoritmo_2,23.501.787
,,,,
B,1,2000,Algoritmo_2,23.461.137
,,,,
B,1,2000,Algoritmo_2,23.468.517
,,,,
B,1,2000,Algoritmo_2,23.490.777
,,,,
B,1,2000,Algoritmo_2,23.450.936
,,,,
B,1,2000,Algoritmo_2,23.454.634
,,,,
B,1,2000,Algoritmo_2,23.470.943
,,,,
B,1,2000,Algoritmo_2,23.471.525
,,,,
B,1,2000,Algoritmo_2,23.475.389
,,,,
B,1,2000,Algoritmo_2,23.459.075
,,,,
B,1,2000,Algoritmo_2,23.443.325
,,,,
B,1,2000,Algoritmo_2,23.467.421
,,,,
B,1,2000,Algoritmo_2,24.071.637
,,,,
B,1,2000,Algoritmo_2,23.438.995
,,,,
B,1,2000,Algoritmo_2,23.490.382
,,,,
B,1,2000,Algoritmo_2,23.448.571
,,,,
B,1,2000,Algoritmo_2,23.461.901
,,,,
B,1,2000,Algoritmo_2,23.470.961
,,,,
B,1,2000,Algoritmo_2,23.442.174
,,,,
B,1,2000,Algoritmo_2,23.529.231
,,,,
B,2,2000,Algoritmo_2,11.746.085
,,,,
B,2,2000,Algoritmo_2,11.754.778
,,,,
B,2,2000,Algoritmo_2,11.734.326
,,,,
B,2,2000,Algoritmo_2,11.729.677
,,,,
B,2,2000,Algoritmo_2,11.746.865
,,,,
B,2,2000,Algoritmo_2,11.740.615
,,,,
B,2,2000,Algoritmo_2,11.732.372
,,,,
B,2,2000,Algoritmo_2,11.719.875
,,,,
B,2,2000,Algoritmo_2,11.744.732
,,,,
B,2,2000,Algoritmo_2,11.755.700
,,,,
B,2,2000,Algoritmo_2,11.778.084
,,,,
B,2,2000,Algoritmo_2,11.735.099
,,,,
B,2,2000,Algoritmo_2,11.735.502
,,,,
B,2,2000,Algoritmo_2,11.724.916
,,,,
B,2,2000,Algoritmo_2,11.730.821
,,,,
B,2,2000,Algoritmo_2,11.762.769
,,,,
B,2,2000,Algoritmo_2,11.749.445
,,,,
B,2,2000,Algoritmo_2,11.754.819
,,,,
B,2,2000,Algoritmo_2,11.731.243
,,,,
B,2,2000,Algoritmo_2,11.742.951
,,,,
B,2,2000,Algoritmo_2,11.771.410
,,,,
B,2,2000,Algoritmo_2,11.789.949
,,,,
B,2,2000,Algoritmo_2,11.752.122
,,,,
B,2,2000,Algoritmo_2,11.751.054
,,,,
B,2,2000,Algoritmo_2,11.733.874
,,,,
B,2,2000,Algoritmo_2,11.743.748
,,,,
B,2,2000,Algoritmo_2,11.752.339
,,,,
B,2,2000,Algoritmo_2,11.734.804
,,,,
B,2,2000,Algoritmo_2,11.732.973
,,,,
B,2,2000,Algoritmo_2,11.731.916
,,,,
B,2,2000,Algoritmo_2,11.747.227
,,,,
B,2,2000,Algoritmo_2,11.731.117
,,,,
B,2,2000,Algoritmo_2,11.740.171
,,,,
B,2,2000,Algoritmo_2,11.728.345
,,,,
B,2,2000,Algoritmo_2,11.727.436
,,,,
B,2,2000,Algoritmo_2,11.729.356
,,,,
B,4,2000,Algoritmo_2,5.946.893
,,,,
B,4,2000,Algoritmo_2,5.883.295
,,,,
B,4,2000,Algoritmo_2,6.015.672
,,,,
B,4,2000,Algoritmo_2,6.467.005
,,,,
B,4,2000,Algoritmo_2,6.088.785
,,,,
B,4,2000,Algoritmo_2,6.194.821
,,,,
B,4,2000,Algoritmo_2,6.234.982
,,,,
B,4,2000,Algoritmo_2,6.319.183
,,,,
B,4,2000,Algoritmo_2,6.503.407
,,,,
B,4,2000,Algoritmo_2,6.727.125
,,,,
B,4,2000,Algoritmo_2,6.789.623
,,,,
B,4,2000,Algoritmo_2,6.900.976
,,,,
B,4,2000,Algoritmo_2,6.883.524
,,,,
B,4,2000,Algoritmo_2,6.997.827
,,,,
B,4,2000,Algoritmo_2,7.019.372
,,,,
B,4,2000,Algoritmo_2,7.049.654
,,,,
B,4,2000,Algoritmo_2,7.037.739
,,,,
B,4,2000,Algoritmo_2,7.020.752
,,,,
B,4,2000,Algoritmo_2,7.080.018
,,,,
B,4,2000,Algoritmo_2,7.071.293
,,,,
B,4,2000,Algoritmo_2,7.066.948
,,,,
B,4,2000,Algoritmo_2,7.009.048
,,,,
B,4,2000,Algoritmo_2,7.048.154
,,,,
B,4,2000,Algoritmo_2,7.013.767
,,,,
B,4,2000,Algoritmo_2,7.028.736
,,,,
B,4,2000,Algoritmo_2,6.959.670
,,,,
B,4,2000,Algoritmo_2,7.051.361
,,,,
B,4,2000,Algoritmo_2,6.973.618
,,,,
B,4,2000,Algoritmo_2,7.010.665
,,,,
B,4,2000,Algoritmo_2,7.032.847
,,,,
B,4,2000,Algoritmo_2,7.023.554
,,,,
B,4,2000,Algoritmo_2,7.022.327
,,,,
B,4,2000,Algoritmo_2,6.959.938
,,,,
B,4,2000,Algoritmo_2,6.963.135
,,,,
B,4,2000,Algoritmo_2,7.151.667
,,,,
B,4,2000,Algoritmo_2,7.101.672
,,,,
B,8,2000,Algoritmo_2,0
B,8,2000,Algoritmo_2,0
B,8,2000,Algoritmo_2,0
B,8,2000,Algoritmo_2,0
B,8,2000,Algoritmo_2,0
B,8,2000,Algoritmo_2,0
B,8,2000,Algoritmo_2,0
B,8,2000,Algoritmo_2,0
B,8,2000,Algoritmo_2,0
B,8,2000,Algoritmo_2,0
B,8,2000,Algoritmo_2,0
B,8,2000,Algoritmo_2,0
B,8,2000,Algoritmo_2,0
B,8,2000,Algoritmo_2,0
B,8,2000,Algoritmo_2,0
B,8,2000,Algoritmo_2,0
B,8,2000,Algoritmo_2,0
B,8,2000,Algoritmo_2,0
B,8,2000,Algoritmo_2,0
B,8,2000,Algoritmo_2,0
B,8,2000,Algoritmo_2,0
B,8,2000,Algoritmo_2,0
B,8,2000,Algoritmo_2,0
B,8,2000,Algoritmo_2,0
B,8,2000,Algoritmo_2,0
B,8,2000,Algoritmo_2,0
B,8,2000,Algoritmo_2,0
B,8,2000,Algoritmo_2,0
B,8,2000,Algoritmo_2,0
B,8,2000,Algoritmo_2,0
B,8,2000,Algoritmo_2,0
B,8,2000,Algoritmo_2,0
B,8,2000,Algoritmo_2,0
B,8,2000,Algoritmo_2,0
B,8,2000,Algoritmo_2,0
B,8,2000,Algoritmo_2,0
B,1,2000,Algoritmo_3,38.706.817
,,,,
B,1,2000,Algoritmo_3,38.690.794
,,,,
B,1,2000,Algoritmo_3,38.856.580
,,,,
B,1,2000,Algoritmo_3,38.832.250
,,,,
B,1,2000,Algoritmo_3,38.828.307
,,,,
B,1,2000,Algoritmo_3,38.724.149
,,,,
B,1,2000,Algoritmo_3,38.561.692
,,,,
B,1,2000,Algoritmo_3,38.831.850
,,,,
B,1,2000,Algoritmo_3,38.769.639
,,,,
B,1,2000,Algoritmo_3,38.709.590
,,,,
B,1,2000,Algoritmo_3,38.727.423
,,,,
B,1,2000,Algoritmo_3,38.680.636
,,,,
B,1,2000,Algoritmo_3,38.851.105
,,,,
B,1,2000,Algoritmo_3,38.837.001
,,,,
B,1,2000,Algoritmo_3,39.026.205
,,,,
B,1,2000,Algoritmo_3,38.765.948
,,,,
B,1,2000,Algoritmo_3,38.700.437
,,,,
B,1,2000,Algoritmo_3,38.665.977
,,,,
B,1,2000,Algoritmo_3,38.640.118
,,,,
B,1,2000,Algoritmo_3,38.486.612
,,,,
B,1,2000,Algoritmo_3,39.216.646
,,,,
B,1,2000,Algoritmo_3,38.688.729
,,,,
B,1,2000,Algoritmo_3,38.783.441
,,,,
B,1,2000,Algoritmo_3,38.826.025
,,,,
B,1,2000,Algoritmo_3,38.971.200
,,,,
B,1,2000,Algoritmo_3,38.848.538
,,,,
B,1,2000,Algoritmo_3,38.807.123
,,,,
B,1,2000,Algoritmo_3,38.735.839
,,,,
B,1,2000,Algoritmo_3,38.673.758
,,,,
B,1,2000,Algoritmo_3,38.709.458
,,,,
B,1,2000,Algoritmo_3,38.813.023
,,,,
B,1,2000,Algoritmo_3,38.680.145
,,,,
B,1,2000,Algoritmo_3,38.826.582
,,,,
B,1,2000,Algoritmo_3,38.877.311
,,,,
B,1,2000,Algoritmo_3,38.585.962
,,,,
B,1,2000,Algoritmo_3,38.681.751
,,,,
B,2,2000,Algoritmo_3,19.355.490
,,,,
B,2,2000,Algoritmo_3,19.311.394
,,,,
B,2,2000,Algoritmo_3,19.376.697
,,,,
B,2,2000,Algoritmo_3,19.363.634
,,,,
B,2,2000,Algoritmo_3,19.316.685
,,,,
B,2,2000,Algoritmo_3,19.374.633
,,,,
B,2,2000,Algoritmo_3,19.384.452
,,,,
B,2,2000,Algoritmo_3,19.363.722
,,,,
B,2,2000,Algoritmo_3,19.527.392
,,,,
B,2,2000,Algoritmo_3,19.431.998
,,,,
B,2,2000,Algoritmo_3,19.356.809
,,,,
B,2,2000,Algoritmo_3,19.325.831
,,,,
B,2,2000,Algoritmo_3,19.370.435
,,,,
B,2,2000,Algoritmo_3,19.465.836
,,,,
B,2,2000,Algoritmo_3,19.385.909
,,,,
B,2,2000,Algoritmo_3,19.363.196
,,,,
B,2,2000,Algoritmo_3,19.368.786
,,,,
B,2,2000,Algoritmo_3,19.379.009
,,,,
B,2,2000,Algoritmo_3,19.380.471
,,,,
B,2,2000,Algoritmo_3,19.370.390
,,,,
B,2,2000,Algoritmo_3,19.391.461
,,,,
B,2,2000,Algoritmo_3,19.347.451
,,,,
B,2,2000,Algoritmo_3,19.295.417
,,,,
B,2,2000,Algoritmo_3,19.429.572
,,,,
B,2,2000,Algoritmo_3,19.413.364
,,,,
B,2,2000,Algoritmo_3,19.467.993
,,,,
B,2,2000,Algoritmo_3,19.361.276
,,,,
B,2,2000,Algoritmo_3,19.368.159
,,,,
B,2,2000,Algoritmo_3,19.369.527
,,,,
B,2,2000,Algoritmo_3,19.355.560
,,,,
B,2,2000,Algoritmo_3,19.350.700
,,,,
B,2,2000,Algoritmo_3,19.329.200
,,,,
B,2,2000,Algoritmo_3,19.377.812
,,,,
B,2,2000,Algoritmo_3,19.437.754
,,,,
B,2,2000,Algoritmo_3,19.362.061
,,,,
B,2,2000,Algoritmo_3,19.401.838
,,,,
B,4,2000,Algoritmo_3,9.445.954
,,,,
B,4,2000,Algoritmo_3,9.486.069
,,,,
B,4,2000,Algoritmo_3,9.589.543
,,,,
B,4,2000,Algoritmo_3,9.518.032
,,,,
B,4,2000,Algoritmo_3,9.551.643
,,,,
B,4,2000,Algoritmo_3,9.964.699
,,,,
B,4,2000,Algoritmo_3,9.955.037
,,,,
B,4,2000,Algoritmo_3,10.229.002
,,,,
B,4,2000,Algoritmo_3,10.393.760
,,,,
B,4,2000,Algoritmo_3,10.551.369
,,,,
B,4,2000,Algoritmo_3,10.562.273
,,,,
B,4,2000,Algoritmo_3,10.506.548
,,,,
B,4,2000,Algoritmo_3,10.587.417
,,,,
B,4,2000,Algoritmo_3,10.573.489
,,,,
B,4,2000,Algoritmo_3,10.586.381
,,,,
B,4,2000,Algoritmo_3,10.582.365
,,,,
B,4,2000,Algoritmo_3,10.579.357
,,,,
B,4,2000,Algoritmo_3,10.609.353
,,,,
B,4,2000,Algoritmo_3,10.563.582
,,,,
B,4,2000,Algoritmo_3,10.589.746
,,,,
B,4,2000,Algoritmo_3,10.594.468
,,,,
B,4,2000,Algoritmo_3,10.531.510
,,,,
B,4,2000,Algoritmo_3,10.564.300
,,,,
B,4,2000,Algoritmo_3,10.573.455
,,,,
B,4,2000,Algoritmo_3,10.555.831
,,,,
B,4,2000,Algoritmo_3,10.594.769
,,,,
B,4,2000,Algoritmo_3,10.606.897
,,,,
B,4,2000,Algoritmo_3,10.621.956
,,,,
B,4,2000,Algoritmo_3,10.577.299
,,,,
B,4,2000,Algoritmo_3,10.537.992
,,,,
B,4,2000,Algoritmo_3,10.562.336
,,,,
B,4,2000,Algoritmo_3,10.554.657
,,,,
B,4,2000,Algoritmo_3,10.560.637
,,,,
B,4,2000,Algoritmo_3,10.560.254
,,,,
B,4,2000,Algoritmo_3,10.551.690
,,,,
B,4,2000,Algoritmo_3,10.596.243
,,,,
B,8,2000,Algoritmo_3,0
B,8,2000,Algoritmo_3,0
B,8,2000,Algoritmo_3,0
B,8,2000,Algoritmo_3,0
B,8,2000,Algoritmo_3,0
B,8,2000,Algoritmo_3,0
B,8,2000,Algoritmo_3,0
B,8,2000,Algoritmo_3,0
B,8,2000,Algoritmo_3,0
B,8,2000,Algoritmo_3,0
B,8,2000,Algoritmo_3,0
B,8,2000,Algoritmo_3,0
B,8,2000,Algoritmo_3,0
B,8,2000,Algoritmo_3,0
B,8,2000,Algoritmo_3,0
B,8,2000,Algoritmo_3,0
B,8,2000,Algoritmo_3,0
B,8,2000,Algoritmo_3,0
B,8,2000,Algoritmo_3,0
B,8,2000,Algoritmo_3,0
B,8,2000,Algoritmo_3,0
B,8,2000,Algoritmo_3,0
B,8,2000,Algoritmo_3,0
B,8,2000,Algoritmo_3,0
B,8,2000,Algoritmo_3,0
B,8,2000,Algoritmo_3,0
B,8,2000,Algoritmo_3,0
B,8,2000,Algoritmo_3,0
B,8,2000,Algoritmo_3,0
B,8,2000,Algoritmo_3,0
B,8,2000,Algoritmo_3,0
B,8,2000,Algoritmo_3,0
B,8,2000,Algoritmo_3,0
B,8,2000,Algoritmo_3,0
B,8,2000,Algoritmo_3,0
B,8,2000,Algoritmo_3,0
B,1,3000,Algoritmo_1,117.166.033
,,,,
B,1,3000,Algoritmo_1,117.274.364
,,,,
B,1,3000,Algoritmo_1,117.329.473
,,,,
B,1,3000,Algoritmo_1,117.344.060
,,,,
B,1,3000,Algoritmo_1,117.472.509
,,,,
B,1,3000,Algoritmo_1,117.661.564
,,,,
B,1,3000,Algoritmo_1,119.699.457
,,,,
B,1,3000,Algoritmo_1,117.438.924
,,,,
B,1,3000,Algoritmo_1,118.306.749
,,,,
B,1,3000,Algoritmo_1,117.683.982
,,,,
B,1,3000,Algoritmo_1,121.106.235
,,,,
B,1,3000,Algoritmo_1,123.035.684
,,,,
B,1,3000,Algoritmo_1,117.265.491
,,,,
B,1,3000,Algoritmo_1,117.052.562
,,,,
B,1,3000,Algoritmo_1,117.255.437
,,,,
B,1,3000,Algoritmo_1,117.534.267
,,,,
B,1,3000,Algoritmo_1,117.506.114
,,,,
B,1,3000,Algoritmo_1,118.128.135
,,,,
B,1,3000,Algoritmo_1,117.142.238
,,,,
B,1,3000,Algoritmo_1,116.029.703
,,,,
B,1,3000,Algoritmo_1,117.491.417
,,,,
B,1,3000,Algoritmo_1,117.623.462
,,,,
B,1,3000,Algoritmo_1,117.310.042
,,,,
B,1,3000,Algoritmo_1,117.893.193
,,,,
B,1,3000,Algoritmo_1,118.163.189
,,,,
B,1,3000,Algoritmo_1,117.193.052
,,,,
B,1,3000,Algoritmo_1,116.912.886
,,,,
B,1,3000,Algoritmo_1,117.055.078
,,,,
B,1,3000,Algoritmo_1,117.317.580
,,,,
B,1,3000,Algoritmo_1,117.344.668
,,,,
B,1,3000,Algoritmo_1,117.249.357
,,,,
B,1,3000,Algoritmo_1,117.540.422
,,,,
B,1,3000,Algoritmo_1,117.265.394
,,,,
B,1,3000,Algoritmo_1,117.789.481
,,,,
B,1,3000,Algoritmo_1,117.671.214
,,,,
B,1,3000,Algoritmo_1,116.887.278
,,,,
B,2,3000,Algoritmo_1,58.874.186
,,,,
B,2,3000,Algoritmo_1,59.092.877
,,,,
B,2,3000,Algoritmo_1,59.467.467
,,,,
B,2,3000,Algoritmo_1,59.338.250
,,,,
B,2,3000,Algoritmo_1,59.173.670
,,,,
B,2,3000,Algoritmo_1,59.013.540
,,,,
B,2,3000,Algoritmo_1,58.483.757
,,,,
B,2,3000,Algoritmo_1,59.094.045
,,,,
B,2,3000,Algoritmo_1,58.886.630
,,,,
B,2,3000,Algoritmo_1,58.918.304
,,,,
B,2,3000,Algoritmo_1,59.123.107
,,,,
B,2,3000,Algoritmo_1,58.317.701
,,,,
B,2,3000,Algoritmo_1,58.919.637
,,,,
B,2,3000,Algoritmo_1,58.941.648
,,,,
B,2,3000,Algoritmo_1,59.106.814
,,,,
B,2,3000,Algoritmo_1,59.312.279
,,,,
B,2,3000,Algoritmo_1,59.292.282
,,,,
B,2,3000,Algoritmo_1,59.306.722
,,,,
B,2,3000,Algoritmo_1,59.259.206
,,,,
B,2,3000,Algoritmo_1,59.135.190
,,,,
B,2,3000,Algoritmo_1,58.991.682
,,,,
B,2,3000,Algoritmo_1,59.346.170
,,,,
B,2,3000,Algoritmo_1,59.230.903
,,,,
B,2,3000,Algoritmo_1,58.955.651
,,,,
B,2,3000,Algoritmo_1,59.370.964
,,,,
B,2,3000,Algoritmo_1,58.873.573
,,,,
B,2,3000,Algoritmo_1,58.702.654
,,,,
B,2,3000,Algoritmo_1,58.467.416
,,,,
B,2,3000,Algoritmo_1,58.764.164
,,,,
B,2,3000,Algoritmo_1,58.631.689
,,,,
B,2,3000,Algoritmo_1,58.833.989
,,,,
B,2,3000,Algoritmo_1,58.830.934
,,,,
B,2,3000,Algoritmo_1,59.566.606
,,,,
B,2,3000,Algoritmo_1,59.155.368
,,,,
B,2,3000,Algoritmo_1,59.222.233
,,,,
B,2,3000,Algoritmo_1,59.055.053
,,,,
B,4,3000,Algoritmo_1,32.838.738
,,,,
B,4,3000,Algoritmo_1,33.820.532
,,,,
B,4,3000,Algoritmo_1,33.580.259
,,,,
B,4,3000,Algoritmo_1,33.952.134
,,,,
B,4,3000,Algoritmo_1,33.208.066
,,,,
B,4,3000,Algoritmo_1,33.285.571
,,,,
B,4,3000,Algoritmo_1,33.409.666
,,,,
B,4,3000,Algoritmo_1,33.929.950
,,,,
B,4,3000,Algoritmo_1,34.488.591
,,,,
B,4,3000,Algoritmo_1,33.693.852
,,,,
B,4,3000,Algoritmo_1,33.794.648
,,,,
B,4,3000,Algoritmo_1,33.878.701
,,,,
B,4,3000,Algoritmo_1,33.422.274
,,,,
B,4,3000,Algoritmo_1,34.706.013
,,,,
B,4,3000,Algoritmo_1,33.436.455
,,,,
B,4,3000,Algoritmo_1,34.014.834
,,,,
B,4,3000,Algoritmo_1,33.830.563
,,,,
B,4,3000,Algoritmo_1,33.701.769
,,,,
B,4,3000,Algoritmo_1,33.571.722
,,,,
B,4,3000,Algoritmo_1,33.918.782
,,,,
B,4,3000,Algoritmo_1,33.331.815
,,,,
B,4,3000,Algoritmo_1,33.427.040
,,,,
B,4,3000,Algoritmo_1,33.552.014
,,,,
B,4,3000,Algoritmo_1,33.558.812
,,,,
B,4,3000,Algoritmo_1,33.305.904
,,,,
B,4,3000,Algoritmo_1,33.890.749
,,,,
B,4,3000,Algoritmo_1,33.442.935
,,,,
B,4,3000,Algoritmo_1,34.081.817
,,,,
B,4,3000,Algoritmo_1,33.958.097
,,,,
B,4,3000,Algoritmo_1,33.687.613
,,,,
B,4,3000,Algoritmo_1,33.994.633
,,,,
B,4,3000,Algoritmo_1,33.353.383
,,,,
B,4,3000,Algoritmo_1,33.943.648
,,,,
B,4,3000,Algoritmo_1,33.319.148
,,,,
B,4,3000,Algoritmo_1,34.583.380
,,,,
B,4,3000,Algoritmo_1,33.650.608
,,,,
B,8,3000,Algoritmo_1,0
B,8,3000,Algoritmo_1,0
B,8,3000,Algoritmo_1,0
B,8,3000,Algoritmo_1,0
B,8,3000,Algoritmo_1,0
B,8,3000,Algoritmo_1,0
B,8,3000,Algoritmo_1,0
B,8,3000,Algoritmo_1,0
B,8,3000,Algoritmo_1,0
B,8,3000,Algoritmo_1,0
B,8,3000,Algoritmo_1,0
B,8,3000,Algoritmo_1,0
B,8,3000,Algoritmo_1,0
B,8,3000,Algoritmo_1,0
B,8,3000,Algoritmo_1,0
B,8,3000,Algoritmo_1,0
B,8,3000,Algoritmo_1,0
B,8,3000,Algoritmo_1,0
B,8,3000,Algoritmo_1,0
B,8,3000,Algoritmo_1,0
B,8,3000,Algoritmo_1,0
B,8,3000,Algoritmo_1,0
B,8,3000,Algoritmo_1,0
B,8,3000,Algoritmo_1,0
B,8,3000,Algoritmo_1,0
B,8,3000,Algoritmo_1,0
B,8,3000,Algoritmo_1,0
B,8,3000,Algoritmo_1,0
B,8,3000,Algoritmo_1,0
B,8,3000,Algoritmo_1,0
B,8,3000,Algoritmo_1,0
B,8,3000,Algoritmo_1,0
B,8,3000,Algoritmo_1,0
B,8,3000,Algoritmo_1,0
B,8,3000,Algoritmo_1,0
B,8,3000,Algoritmo_1,0
B,1,3000,Algoritmo_2,79.221.174
,,,,
B,1,3000,Algoritmo_2,78.859.048
,,,,
B,1,3000,Algoritmo_2,79.170.353
,,,,
B,1,3000,Algoritmo_2,79.445.929
,,,,
B,1,3000,Algoritmo_2,78.939.214
,,,,
B,1,3000,Algoritmo_2,79.256.884
,,,,
B,1,3000,Algoritmo_2,79.166.640
,,,,
B,1,3000,Algoritmo_2,79.306.383
,,,,
B,1,3000,Algoritmo_2,79.201.989
,,,,
B,1,3000,Algoritmo_2,79.181.645
,,,,
B,1,3000,Algoritmo_2,78.950.543
,,,,
B,1,3000,Algoritmo_2,79.251.188
,,,,
B,1,3000,Algoritmo_2,79.223.386
,,,,
B,1,3000,Algoritmo_2,79.217.128
,,,,
B,1,3000,Algoritmo_2,79.248.467
,,,,
B,1,3000,Algoritmo_2,79.242.846
,,,,
B,1,3000,Algoritmo_2,79.230.076
,,,,
B,1,3000,Algoritmo_2,79.171.897
,,,,
B,1,3000,Algoritmo_2,79.144.609
,,,,
B,1,3000,Algoritmo_2,79.393.766
,,,,
B,1,3000,Algoritmo_2,79.218.812
,,,,
B,1,3000,Algoritmo_2,79.254.609
,,,,
B,1,3000,Algoritmo_2,79.185.269
,,,,
B,1,3000,Algoritmo_2,79.151.319
,,,,
B,1,3000,Algoritmo_2,79.435.727
,,,,
B,1,3000,Algoritmo_2,79.215.831
,,,,
B,1,3000,Algoritmo_2,79.188.372
,,,,
B,1,3000,Algoritmo_2,79.159.297
,,,,
B,1,3000,Algoritmo_2,79.346.478
,,,,
B,1,3000,Algoritmo_2,79.212.558
,,,,
B,1,3000,Algoritmo_2,79.239.993
,,,,
B,1,3000,Algoritmo_2,79.167.572
,,,,
B,1,3000,Algoritmo_2,79.283.921
,,,,
B,1,3000,Algoritmo_2,79.241.276
,,,,
B,1,3000,Algoritmo_2,79.231.679
,,,,
B,1,3000,Algoritmo_2,78.627.227
,,,,
B,2,3000,Algoritmo_2,39.655.653
,,,,
B,2,3000,Algoritmo_2,39.628.322
,,,,
B,2,3000,Algoritmo_2,39.631.582
,,,,
B,2,3000,Algoritmo_2,39.680.179
,,,,
B,2,3000,Algoritmo_2,39.680.546
,,,,
B,2,3000,Algoritmo_2,39.592.478
,,,,
B,2,3000,Algoritmo_2,39.683.247
,,,,
B,2,3000,Algoritmo_2,39.678.003
,,,,
B,2,3000,Algoritmo_2,39.616.024
,,,,
B,2,3000,Algoritmo_2,39.690.837
,,,,
B,2,3000,Algoritmo_2,39.606.436
,,,,
B,2,3000,Algoritmo_2,39.689.471
,,,,
B,2,3000,Algoritmo_2,39.679.095
,,,,
B,2,3000,Algoritmo_2,39.603.970
,,,,
B,2,3000,Algoritmo_2,39.692.454
,,,,
B,2,3000,Algoritmo_2,39.622.389
,,,,
B,2,3000,Algoritmo_2,39.607.331
,,,,
B,2,3000,Algoritmo_2,39.648.838
,,,,
B,2,3000,Algoritmo_2,39.619.102
,,,,
B,2,3000,Algoritmo_2,39.639.237
,,,,
B,2,3000,Algoritmo_2,39.670.462
,,,,
B,2,3000,Algoritmo_2,39.603.583
,,,,
B,2,3000,Algoritmo_2,39.630.069
,,,,
B,2,3000,Algoritmo_2,39.597.207
,,,,
B,2,3000,Algoritmo_2,39.647.391
,,,,
B,2,3000,Algoritmo_2,39.853.153
,,,,
B,2,3000,Algoritmo_2,39.680.264
,,,,
B,2,3000,Algoritmo_2,39.631.822
,,,,
B,2,3000,Algoritmo_2,39.629.315
,,,,
B,2,3000,Algoritmo_2,39.636.077
,,,,
B,2,3000,Algoritmo_2,39.610.258
,,,,
B,2,3000,Algoritmo_2,39.685.456
,,,,
B,2,3000,Algoritmo_2,39.715.232
,,,,
B,2,3000,Algoritmo_2,39.675.653
,,,,
B,2,3000,Algoritmo_2,39.677.989
,,,,
B,2,3000,Algoritmo_2,39.627.966
,,,,
B,4,3000,Algoritmo_2,20.681.291
,,,,
B,4,3000,Algoritmo_2,22.659.063
,,,,
B,4,3000,Algoritmo_2,23.575.369
,,,,
B,4,3000,Algoritmo_2,23.831.637
,,,,
B,4,3000,Algoritmo_2,23.795.608
,,,,
B,4,3000,Algoritmo_2,23.627.013
,,,,
B,4,3000,Algoritmo_2,23.710.187
,,,,
B,4,3000,Algoritmo_2,24.114.069
,,,,
B,4,3000,Algoritmo_2,23.718.609
,,,,
B,4,3000,Algoritmo_2,23.776.668
,,,,
B,4,3000,Algoritmo_2,23.631.434
,,,,
B,4,3000,Algoritmo_2,23.832.528
,,,,
B,4,3000,Algoritmo_2,23.746.357
,,,,
B,4,3000,Algoritmo_2,23.736.535
,,,,
B,4,3000,Algoritmo_2,23.779.956
,,,,
B,4,3000,Algoritmo_2,23.781.963
,,,,
B,4,3000,Algoritmo_2,23.943.981
,,,,
B,4,3000,Algoritmo_2,23.769.099
,,,,
B,4,3000,Algoritmo_2,23.785.829
,,,,
B,4,3000,Algoritmo_2,23.703.145
,,,,
B,4,3000,Algoritmo_2,23.852.308
,,,,
B,4,3000,Algoritmo_2,23.771.895
,,,,
B,4,3000,Algoritmo_2,23.658.114
,,,,
B,4,3000,Algoritmo_2,23.802.682
,,,,
B,4,3000,Algoritmo_2,23.817.172
,,,,
B,4,3000,Algoritmo_2,23.666.070
,,,,
B,4,3000,Algoritmo_2,23.614.499
,,,,
B,4,3000,Algoritmo_2,23.744.903
,,,,
B,4,3000,Algoritmo_2,24.670.063
,,,,
B,4,3000,Algoritmo_2,23.550.219
,,,,
B,4,3000,Algoritmo_2,23.822.412
,,,,
B,4,3000,Algoritmo_2,23.785.842
,,,,
B,4,3000,Algoritmo_2,23.610.803
,,,,
B,4,3000,Algoritmo_2,23.889.722
,,,,
B,4,3000,Algoritmo_2,23.778.605
,,,,
B,4,3000,Algoritmo_2,23.797.094
,,,,
B,8,3000,Algoritmo_2,0
B,8,3000,Algoritmo_2,0
B,8,3000,Algoritmo_2,0
B,8,3000,Algoritmo_2,0
B,8,3000,Algoritmo_2,0
B,8,3000,Algoritmo_2,0
B,8,3000,Algoritmo_2,0
B,8,3000,Algoritmo_2,0
B,8,3000,Algoritmo_2,0
B,8,3000,Algoritmo_2,0
B,8,3000,Algoritmo_2,0
B,8,3000,Algoritmo_2,0
B,8,3000,Algoritmo_2,0
B,8,3000,Algoritmo_2,0
B,8,3000,Algoritmo_2,0
B,8,3000,Algoritmo_2,0
B,8,3000,Algoritmo_2,0
B,8,3000,Algoritmo_2,0
B,8,3000,Algoritmo_2,0
B,8,3000,Algoritmo_2,0
B,8,3000,Algoritmo_2,0
B,8,3000,Algoritmo_2,0
B,8,3000,Algoritmo_2,0
B,8,3000,Algoritmo_2,0
B,8,3000,Algoritmo_2,0
B,8,3000,Algoritmo_2,0
B,8,3000,Algoritmo_2,0
B,8,3000,Algoritmo_2,0
B,8,3000,Algoritmo_2,0
B,8,3000,Algoritmo_2,0
B,8,3000,Algoritmo_2,0
B,8,3000,Algoritmo_2,0
B,8,3000,Algoritmo_2,0
B,8,3000,Algoritmo_2,0
B,8,3000,Algoritmo_2,0
B,8,3000,Algoritmo_2,0
B,1,3000,Algoritmo_3,147.429.050
,,,,
B,1,3000,Algoritmo_3,145.759.701
,,,,
B,1,3000,Algoritmo_3,146.644.242
,,,,
B,1,3000,Algoritmo_3,147.058.302
,,,,
B,1,3000,Algoritmo_3,147.825.918
,,,,
B,1,3000,Algoritmo_3,147.134.545
,,,,
B,1,3000,Algoritmo_3,146.385.222
,,,,
B,1,3000,Algoritmo_3,147.033.028
,,,,
B,1,3000,Algoritmo_3,147.246.681
,,,,
B,1,3000,Algoritmo_3,147.343.051
,,,,
B,1,3000,Algoritmo_3,146.993.265
,,,,
B,1,3000,Algoritmo_3,148.388.895
,,,,
B,1,3000,Algoritmo_3,146.297.689
,,,,
B,1,3000,Algoritmo_3,148.442.409
,,,,
B,1,3000,Algoritmo_3,147.169.303
,,,,
B,1,3000,Algoritmo_3,147.409.920
,,,,
B,1,3000,Algoritmo_3,146.308.784
,,,,
B,1,3000,Algoritmo_3,146.449.435
,,,,
B,1,3000,Algoritmo_3,147.308.058
,,,,
B,1,3000,Algoritmo_3,147.381.765
,,,,
B,1,3000,Algoritmo_3,147.646.892
,,,,
B,1,3000,Algoritmo_3,147.807.688
,,,,
B,1,3000,Algoritmo_3,147.917.664
,,,,
B,1,3000,Algoritmo_3,147.262.843
,,,,
B,1,3000,Algoritmo_3,147.593.705
,,,,
B,1,3000,Algoritmo_3,148.409.817
,,,,
B,1,3000,Algoritmo_3,148.235.448
,,,,
B,1,3000,Algoritmo_3,146.900.632
,,,,
B,1,3000,Algoritmo_3,146.308.175
,,,,
B,1,3000,Algoritmo_3,146.701.748
,,,,
B,1,3000,Algoritmo_3,146.626.146
,,,,
B,1,3000,Algoritmo_3,148.391.591
,,,,
B,1,3000,Algoritmo_3,147.464.347
,,,,
B,1,3000,Algoritmo_3,149.129.362
,,,,
B,1,3000,Algoritmo_3,147.596.513
,,,,
B,1,3000,Algoritmo_3,146.289.050
,,,,
B,2,3000,Algoritmo_3,73.515.491
,,,,
B,2,3000,Algoritmo_3,72.961.444
,,,,
B,2,3000,Algoritmo_3,72.173.172
,,,,
B,2,3000,Algoritmo_3,72.318.417
,,,,
B,2,3000,Algoritmo_3,73.321.563
,,,,
B,2,3000,Algoritmo_3,72.015.079
,,,,
B,2,3000,Algoritmo_3,73.313.511
,,,,
B,2,3000,Algoritmo_3,72.632.412
,,,,
B,2,3000,Algoritmo_3,72.826.040
,,,,
B,2,3000,Algoritmo_3,72.146.494
,,,,
B,2,3000,Algoritmo_3,72.551.853
,,,,
B,2,3000,Algoritmo_3,72.519.012
,,,,
B,2,3000,Algoritmo_3,74.061.525
,,,,
B,2,3000,Algoritmo_3,72.450.583
,,,,
B,2,3000,Algoritmo_3,73.587.395
,,,,
B,2,3000,Algoritmo_3,73.401.075
,,,,
B,2,3000,Algoritmo_3,72.429.799
,,,,
B,2,3000,Algoritmo_3,72.838.465
,,,,
B,2,3000,Algoritmo_3,73.262.042
,,,,
B,2,3000,Algoritmo_3,73.303.406
,,,,
B,2,3000,Algoritmo_3,72.519.331
,,,,
B,2,3000,Algoritmo_3,71.588.178
,,,,
B,2,3000,Algoritmo_3,72.481.955
,,,,
B,2,3000,Algoritmo_3,72.777.299
,,,,
B,2,3000,Algoritmo_3,72.757.941
,,,,
B,2,3000,Algoritmo_3,72.819.902
,,,,
B,2,3000,Algoritmo_3,72.972.868
,,,,
B,2,3000,Algoritmo_3,72.400.094
,,,,
B,2,3000,Algoritmo_3,73.019.361
,,,,
B,2,3000,Algoritmo_3,71.945.727
,,,,
B,2,3000,Algoritmo_3,72.940.145
,,,,
B,2,3000,Algoritmo_3,72.661.542
,,,,
B,2,3000,Algoritmo_3,73.216.665
,,,,
B,2,3000,Algoritmo_3,72.642.660
,,,,
B,2,3000,Algoritmo_3,72.269.891
,,,,
B,2,3000,Algoritmo_3,72.461.181
,,,,
B,4,3000,Algoritmo_3,36.297.697
,,,,
B,4,3000,Algoritmo_3,40.006.277
,,,,
B,4,3000,Algoritmo_3,40.692.972
,,,,
B,4,3000,Algoritmo_3,40.739.806
,,,,
B,4,3000,Algoritmo_3,41.416.828
,,,,
B,4,3000,Algoritmo_3,39.754.750
,,,,
B,4,3000,Algoritmo_3,39.963.957
,,,,
B,4,3000,Algoritmo_3,39.597.155
,,,,
B,4,3000,Algoritmo_3,40.192.061
,,,,
B,4,3000,Algoritmo_3,40.316.393
,,,,
B,4,3000,Algoritmo_3,40.182.872
,,,,
B,4,3000,Algoritmo_3,40.117.911
,,,,
B,4,3000,Algoritmo_3,40.410.318
,,,,
B,4,3000,Algoritmo_3,40.932.644
,,,,
B,4,3000,Algoritmo_3,41.572.262
,,,,
B,4,3000,Algoritmo_3,39.657.138
,,,,
B,4,3000,Algoritmo_3,40.110.192
,,,,
B,4,3000,Algoritmo_3,39.744.960
,,,,
B,4,3000,Algoritmo_3,39.665.809
,,,,
B,4,3000,Algoritmo_3,40.211.812
,,,,
B,4,3000,Algoritmo_3,39.800.255
,,,,
B,4,3000,Algoritmo_3,41.367.284
,,,,
B,4,3000,Algoritmo_3,39.852.373
,,,,
B,4,3000,Algoritmo_3,40.408.395
,,,,
B,4,3000,Algoritmo_3,40.463.427
,,,,
B,4,3000,Algoritmo_3,40.262.527
,,,,
B,4,3000,Algoritmo_3,40.339.423
,,,,
B,4,3000,Algoritmo_3,40.084.673
,,,,
B,4,3000,Algoritmo_3,40.273.126
,,,,
B,4,3000,Algoritmo_3,40.350.406
,,,,
B,4,3000,Algoritmo_3,40.527.551
,,,,
B,4,3000,Algoritmo_3,40.491.242
,,,,
B,4,3000,Algoritmo_3,40.360.548
,,,,
B,4,3000,Algoritmo_3,40.290.125
,,,,
B,4,3000,Algoritmo_3,40.248.324
,,,,
B,4,3000,Algoritmo_3,40.050.803
,,,,
B,8,3000,Algoritmo_3,0
B,8,3000,Algoritmo_3,0
B,8,3000,Algoritmo_3,0
B,8,3000,Algoritmo_3,0
B,8,3000,Algoritmo_3,0
B,8,3000,Algoritmo_3,0
B,8,3000,Algoritmo_3,0
B,8,3000,Algoritmo_3,0
B,8,3000,Algoritmo_3,0
B,8,3000,Algoritmo_3,0
B,8,3000,Algoritmo_3,0
B,8,3000,Algoritmo_3,0
B,8,3000,Algoritmo_3,0
B,8,3000,Algoritmo_3,0
B,8,3000,Algoritmo_3,0
B,8,3000,Algoritmo_3,0
B,8,3000,Algoritmo_3,0
B,8,3000,Algoritmo_3,0
B,8,3000,Algoritmo_3,0
B,8,3000,Algoritmo_3,0
B,8,3000,Algoritmo_3,0
B,8,3000,Algoritmo_3,0
B,8,3000,Algoritmo_3,0
B,8,3000,Algoritmo_3,0
B,8,3000,Algoritmo_3,0
B,8,3000,Algoritmo_3,0
B,8,3000,Algoritmo_3,0
B,8,3000,Algoritmo_3,0
B,8,3000,Algoritmo_3,0
B,8,3000,Algoritmo_3,0
B,8,3000,Algoritmo_3,0
B,8,3000,Algoritmo_3,0
B,8,3000,Algoritmo_3,0
B,8,3000,Algoritmo_3,0
B,8,3000,Algoritmo_3,0
B,8,3000,Algoritmo_3,0