Node,NumThreads,Load,Algorithm,Time
C,1,100,Algoritmo_1, 0.002581 

C,1,100,Algoritmo_1, 0.002649 

C,1,100,Algoritmo_1, 0.002589 

C,1,100,Algoritmo_1, 0.002624 

C,1,100,Algoritmo_1, 0.002631 

C,1,100,Algoritmo_1, 0.002589 

C,1,100,Algoritmo_1, 0.002607 

C,1,100,Algoritmo_1, 0.002590 

C,1,100,Algoritmo_1, 0.002613 

C,1,100,Algoritmo_1, 0.002595 

C,1,100,Algoritmo_1, 0.002619 

C,1,100,Algoritmo_1, 0.002590 

C,1,100,Algoritmo_1, 0.002589 

C,1,100,Algoritmo_1, 0.002604 

C,1,100,Algoritmo_1, 0.002615 

C,1,100,Algoritmo_1, 0.002591 

C,1,100,Algoritmo_1, 0.002591 

C,1,100,Algoritmo_1, 0.002585 

C,1,100,Algoritmo_1, 0.002587 

C,1,100,Algoritmo_1, 0.002605 

C,1,100,Algoritmo_1, 0.002598 

C,1,100,Algoritmo_1, 0.002591 

C,1,100,Algoritmo_1, 0.002610 

C,1,100,Algoritmo_1, 0.002581 

C,1,100,Algoritmo_1, 0.002579 

C,1,100,Algoritmo_1, 0.002586 

C,1,100,Algoritmo_1, 0.002578 

C,1,100,Algoritmo_1, 0.002589 

C,1,100,Algoritmo_1, 0.002582 

C,1,100,Algoritmo_1, 0.002582 

C,1,100,Algoritmo_1, 0.002606 

C,1,100,Algoritmo_1, 0.002610 

C,1,100,Algoritmo_1, 0.002623 

C,1,100,Algoritmo_1, 0.002591 

C,1,100,Algoritmo_1, 0.002590 

C,1,100,Algoritmo_1, 0.002587 

C,2,100,Algoritmo_1, 0.001371 

C,2,100,Algoritmo_1, 0.001364 

C,2,100,Algoritmo_1, 0.001353 

C,2,100,Algoritmo_1, 0.001318 

C,2,100,Algoritmo_1, 0.001356 

C,2,100,Algoritmo_1, 0.001369 

C,2,100,Algoritmo_1, 0.001355 

C,2,100,Algoritmo_1, 0.001356 

C,2,100,Algoritmo_1, 0.001376 

C,2,100,Algoritmo_1, 0.001349 

C,2,100,Algoritmo_1, 0.001353 

C,2,100,Algoritmo_1, 0.001357 

C,2,100,Algoritmo_1, 0.001351 

C,2,100,Algoritmo_1, 0.001360 

C,2,100,Algoritmo_1, 0.001331 

C,2,100,Algoritmo_1, 0.001352 

C,2,100,Algoritmo_1, 0.001353 

C,2,100,Algoritmo_1, 0.001565 

C,2,100,Algoritmo_1, 0.001346 

C,2,100,Algoritmo_1, 0.001352 

C,2,100,Algoritmo_1, 0.001358 

C,2,100,Algoritmo_1, 0.001347 

C,2,100,Algoritmo_1, 0.001367 

C,2,100,Algoritmo_1, 0.001360 

C,2,100,Algoritmo_1, 0.001830 

C,2,100,Algoritmo_1, 0.001355 

C,2,100,Algoritmo_1, 0.001360 

C,2,100,Algoritmo_1, 0.001406 

C,2,100,Algoritmo_1, 0.001373 

C,2,100,Algoritmo_1, 0.001607 

C,2,100,Algoritmo_1, 0.001373 

C,2,100,Algoritmo_1, 0.001319 

C,2,100,Algoritmo_1, 0.001354 

C,2,100,Algoritmo_1, 0.001371 

C,2,100,Algoritmo_1, 0.001353 

C,2,100,Algoritmo_1, 0.001343 

C,4,100,Algoritmo_1, 0.000736 

C,4,100,Algoritmo_1, 0.000725 

C,4,100,Algoritmo_1, 0.000728 

C,4,100,Algoritmo_1, 0.000719 

C,4,100,Algoritmo_1, 0.000729 

C,4,100,Algoritmo_1, 0.000769 

C,4,100,Algoritmo_1, 0.000730 

C,4,100,Algoritmo_1, 0.000728 

C,4,100,Algoritmo_1, 0.000727 

C,4,100,Algoritmo_1, 0.000735 

C,4,100,Algoritmo_1, 0.000696 

C,4,100,Algoritmo_1, 0.000722 

C,4,100,Algoritmo_1, 0.000734 

C,4,100,Algoritmo_1, 0.000713 

C,4,100,Algoritmo_1, 0.000725 

C,4,100,Algoritmo_1, 0.000734 

C,4,100,Algoritmo_1, 0.000730 

C,4,100,Algoritmo_1, 0.000733 

C,4,100,Algoritmo_1, 0.000728 

C,4,100,Algoritmo_1, 0.000710 

C,4,100,Algoritmo_1, 0.000729 

C,4,100,Algoritmo_1, 0.000706 

C,4,100,Algoritmo_1, 0.000726 

C,4,100,Algoritmo_1, 0.000748 

C,4,100,Algoritmo_1, 0.000735 

C,4,100,Algoritmo_1, 0.000715 

C,4,100,Algoritmo_1, 0.000739 

C,4,100,Algoritmo_1, 0.000714 

C,4,100,Algoritmo_1, 0.000718 

C,4,100,Algoritmo_1, 0.000693 

C,4,100,Algoritmo_1, 0.000698 

C,4,100,Algoritmo_1, 0.000698 

C,4,100,Algoritmo_1, 0.000726 

C,4,100,Algoritmo_1, 0.000697 

C,4,100,Algoritmo_1, 0.000722 

C,4,100,Algoritmo_1, 0.000696 

C,8,100,Algoritmo_1, 0.000688 

C,8,100,Algoritmo_1, 0.000685 

C,8,100,Algoritmo_1, 0.000679 

C,8,100,Algoritmo_1, 0.000686 

C,8,100,Algoritmo_1, 0.000682 

C,8,100,Algoritmo_1, 0.000684 

C,8,100,Algoritmo_1, 0.000697 

C,8,100,Algoritmo_1, 0.000684 

C,8,100,Algoritmo_1, 0.000695 

C,8,100,Algoritmo_1, 0.000688 

C,8,100,Algoritmo_1, 0.000692 

C,8,100,Algoritmo_1, 0.000682 

C,8,100,Algoritmo_1, 0.000684 

C,8,100,Algoritmo_1, 0.000686 

C,8,100,Algoritmo_1, 0.000681 

C,8,100,Algoritmo_1, 0.000747 

C,8,100,Algoritmo_1, 0.000689 

C,8,100,Algoritmo_1, 0.000683 

C,8,100,Algoritmo_1, 0.000684 

C,8,100,Algoritmo_1, 0.000683 

C,8,100,Algoritmo_1, 0.000686 

C,8,100,Algoritmo_1, 0.000682 

C,8,100,Algoritmo_1, 0.000684 

C,8,100,Algoritmo_1, 0.000688 

C,8,100,Algoritmo_1, 0.000686 

C,8,100,Algoritmo_1, 0.000682 

C,8,100,Algoritmo_1, 0.000691 

C,8,100,Algoritmo_1, 0.000689 

C,8,100,Algoritmo_1, 0.000682 

C,8,100,Algoritmo_1, 0.000700 

C,8,100,Algoritmo_1, 0.000677 

C,8,100,Algoritmo_1, 0.000691 

C,8,100,Algoritmo_1, 0.000688 

C,8,100,Algoritmo_1, 0.000685 

C,8,100,Algoritmo_1, 0.000677 

C,8,100,Algoritmo_1, 0.000760 

C,1,100,Algoritmo_2, 0.002586 

C,1,100,Algoritmo_2, 0.002552 

C,1,100,Algoritmo_2, 0.002555 

C,1,100,Algoritmo_2, 0.002554 

C,1,100,Algoritmo_2, 0.002552 

C,1,100,Algoritmo_2, 0.002546 

C,1,100,Algoritmo_2, 0.002546 

C,1,100,Algoritmo_2, 0.002546 

C,1,100,Algoritmo_2, 0.002546 

C,1,100,Algoritmo_2, 0.002557 

C,1,100,Algoritmo_2, 0.002557 

C,1,100,Algoritmo_2, 0.002554 

C,1,100,Algoritmo_2, 0.002581 

C,1,100,Algoritmo_2, 0.002569 

C,1,100,Algoritmo_2, 0.002564 

C,1,100,Algoritmo_2, 0.002578 

C,1,100,Algoritmo_2, 0.002565 

C,1,100,Algoritmo_2, 0.002555 

C,1,100,Algoritmo_2, 0.002557 

C,1,100,Algoritmo_2, 0.002557 

C,1,100,Algoritmo_2, 0.002567 

C,1,100,Algoritmo_2, 0.002560 

C,1,100,Algoritmo_2, 0.002561 

C,1,100,Algoritmo_2, 0.002551 

C,1,100,Algoritmo_2, 0.002553 

C,1,100,Algoritmo_2, 0.002553 

C,1,100,Algoritmo_2, 0.002552 

C,1,100,Algoritmo_2, 0.002546 

C,1,100,Algoritmo_2, 0.002548 

C,1,100,Algoritmo_2, 0.002545 

C,1,100,Algoritmo_2, 0.002556 

C,1,100,Algoritmo_2, 0.002555 

C,1,100,Algoritmo_2, 0.002554 

C,1,100,Algoritmo_2, 0.002564 

C,1,100,Algoritmo_2, 0.002555 

C,1,100,Algoritmo_2, 0.002561 

C,2,100,Algoritmo_2, 0.001339 

C,2,100,Algoritmo_2, 0.001339 

C,2,100,Algoritmo_2, 0.001337 

C,2,100,Algoritmo_2, 0.001338 

C,2,100,Algoritmo_2, 0.001338 

C,2,100,Algoritmo_2, 0.001342 

C,2,100,Algoritmo_2, 0.001351 

C,2,100,Algoritmo_2, 0.001336 

C,2,100,Algoritmo_2, 0.001350 

C,2,100,Algoritmo_2, 0.001301 

C,2,100,Algoritmo_2, 0.001334 

C,2,100,Algoritmo_2, 0.001342 

C,2,100,Algoritmo_2, 0.001332 

C,2,100,Algoritmo_2, 0.001330 

C,2,100,Algoritmo_2, 0.001350 

C,2,100,Algoritmo_2, 0.001333 

C,2,100,Algoritmo_2, 0.001337 

C,2,100,Algoritmo_2, 0.001344 

C,2,100,Algoritmo_2, 0.001336 

C,2,100,Algoritmo_2, 0.001339 

C,2,100,Algoritmo_2, 0.001330 

C,2,100,Algoritmo_2, 0.001343 

C,2,100,Algoritmo_2, 0.001334 

C,2,100,Algoritmo_2, 0.001319 

C,2,100,Algoritmo_2, 0.001336 

C,2,100,Algoritmo_2, 0.001334 

C,2,100,Algoritmo_2, 0.001318 

C,2,100,Algoritmo_2, 0.001335 

C,2,100,Algoritmo_2, 0.001306 

C,2,100,Algoritmo_2, 0.001299 

C,2,100,Algoritmo_2, 0.001333 

C,2,100,Algoritmo_2, 0.001346 

C,2,100,Algoritmo_2, 0.001300 

C,2,100,Algoritmo_2, 0.001336 

C,2,100,Algoritmo_2, 0.001324 

C,2,100,Algoritmo_2, 0.001340 

C,4,100,Algoritmo_2, 0.000720 

C,4,100,Algoritmo_2, 0.000723 

C,4,100,Algoritmo_2, 0.000723 

C,4,100,Algoritmo_2, 0.000725 

C,4,100,Algoritmo_2, 0.000725 

C,4,100,Algoritmo_2, 0.000708 

C,4,100,Algoritmo_2, 0.000720 

C,4,100,Algoritmo_2, 0.000726 

C,4,100,Algoritmo_2, 0.000713 

C,4,100,Algoritmo_2, 0.000685 

C,4,100,Algoritmo_2, 0.000721 

C,4,100,Algoritmo_2, 0.000722 

C,4,100,Algoritmo_2, 0.000722 

C,4,100,Algoritmo_2, 0.000726 

C,4,100,Algoritmo_2, 0.000723 

C,4,100,Algoritmo_2, 0.000705 

C,4,100,Algoritmo_2, 0.000711 

C,4,100,Algoritmo_2, 0.000715 

C,4,100,Algoritmo_2, 0.000734 

C,4,100,Algoritmo_2, 0.000725 

C,4,100,Algoritmo_2, 0.000692 

C,4,100,Algoritmo_2, 0.000707 

C,4,100,Algoritmo_2, 0.000695 

C,4,100,Algoritmo_2, 0.000708 

C,4,100,Algoritmo_2, 0.000687 

C,4,100,Algoritmo_2, 0.000721 

C,4,100,Algoritmo_2, 0.000686 

C,4,100,Algoritmo_2, 0.000714 

C,4,100,Algoritmo_2, 0.000691 

C,4,100,Algoritmo_2, 0.000720 

C,4,100,Algoritmo_2, 0.000717 

C,4,100,Algoritmo_2, 0.000719 

C,4,100,Algoritmo_2, 0.000685 

C,4,100,Algoritmo_2, 0.000725 

C,4,100,Algoritmo_2, 0.000695 

C,4,100,Algoritmo_2, 0.000721 

C,8,100,Algoritmo_2, 0.000654 

C,8,100,Algoritmo_2, 0.000653 

C,8,100,Algoritmo_2, 0.000650 

C,8,100,Algoritmo_2, 0.000672 

C,8,100,Algoritmo_2, 0.000660 

C,8,100,Algoritmo_2, 0.000655 

C,8,100,Algoritmo_2, 0.000653 

C,8,100,Algoritmo_2, 0.000719 

C,8,100,Algoritmo_2, 0.000652 

C,8,100,Algoritmo_2, 0.000651 

C,8,100,Algoritmo_2, 0.000649 

C,8,100,Algoritmo_2, 0.000664 

C,8,100,Algoritmo_2, 0.000656 

C,8,100,Algoritmo_2, 0.000653 

C,8,100,Algoritmo_2, 0.000651 

C,8,100,Algoritmo_2, 0.000661 

C,8,100,Algoritmo_2, 0.000650 

C,8,100,Algoritmo_2, 0.000657 

C,8,100,Algoritmo_2, 0.000657 

C,8,100,Algoritmo_2, 0.000653 

C,8,100,Algoritmo_2, 0.000667 

C,8,100,Algoritmo_2, 0.000657 

C,8,100,Algoritmo_2, 0.000665 

C,8,100,Algoritmo_2, 0.000653 

C,8,100,Algoritmo_2, 0.000666 

C,8,100,Algoritmo_2, 0.000652 

C,8,100,Algoritmo_2, 0.000651 

C,8,100,Algoritmo_2, 0.000647 

C,8,100,Algoritmo_2, 0.000659 

C,8,100,Algoritmo_2, 0.000651 

C,8,100,Algoritmo_2, 0.000652 

C,8,100,Algoritmo_2, 0.000652 

C,8,100,Algoritmo_2, 0.000660 

C,8,100,Algoritmo_2, 0.000649 

C,8,100,Algoritmo_2, 0.000651 

C,8,100,Algoritmo_2, 0.000658 

C,1,100,Algoritmo_3, 0.002825 

C,1,100,Algoritmo_3, 0.002859 

C,1,100,Algoritmo_3, 0.002858 

C,1,100,Algoritmo_3, 0.002868 

C,1,100,Algoritmo_3, 0.002854 

C,1,100,Algoritmo_3, 0.002883 

C,1,100,Algoritmo_3, 0.002851 

C,1,100,Algoritmo_3, 0.002905 

C,1,100,Algoritmo_3, 0.002839 

C,1,100,Algoritmo_3, 0.002860 

C,1,100,Algoritmo_3, 0.002817 

C,1,100,Algoritmo_3, 0.002837 

C,1,100,Algoritmo_3, 0.002854 

C,1,100,Algoritmo_3, 0.002831 

C,1,100,Algoritmo_3, 0.002852 

C,1,100,Algoritmo_3, 0.002856 

C,1,100,Algoritmo_3, 0.003090 

C,1,100,Algoritmo_3, 0.002904 

C,1,100,Algoritmo_3, 0.002858 

C,1,100,Algoritmo_3, 0.003138 

C,1,100,Algoritmo_3, 0.003124 

C,1,100,Algoritmo_3, 0.003132 

C,1,100,Algoritmo_3, 0.003135 

C,1,100,Algoritmo_3, 0.003111 

C,1,100,Algoritmo_3, 0.003129 

C,1,100,Algoritmo_3, 0.003105 

C,1,100,Algoritmo_3, 0.003112 

C,1,100,Algoritmo_3, 0.003435 

C,1,100,Algoritmo_3, 0.003406 

C,1,100,Algoritmo_3, 0.003430 

C,1,100,Algoritmo_3, 0.003416 

C,1,100,Algoritmo_3, 0.003414 

C,1,100,Algoritmo_3, 0.003417 

C,1,100,Algoritmo_3, 0.003787 

C,1,100,Algoritmo_3, 0.003808 

C,1,100,Algoritmo_3, 0.003945 

C,2,100,Algoritmo_3, 0.002286 

C,2,100,Algoritmo_3, 0.002202 

C,2,100,Algoritmo_3, 0.002242 

C,2,100,Algoritmo_3, 0.002235 

C,2,100,Algoritmo_3, 0.002238 

C,2,100,Algoritmo_3, 0.002239 

C,2,100,Algoritmo_3, 0.002252 

C,2,100,Algoritmo_3, 0.002237 

C,2,100,Algoritmo_3, 0.002272 

C,2,100,Algoritmo_3, 0.002242 

C,2,100,Algoritmo_3, 0.002238 

C,2,100,Algoritmo_3, 0.002290 

C,2,100,Algoritmo_3, 0.002260 

C,2,100,Algoritmo_3, 0.002259 

C,2,100,Algoritmo_3, 0.002244 

C,2,100,Algoritmo_3, 0.002265 

C,2,100,Algoritmo_3, 0.002247 

C,2,100,Algoritmo_3, 0.002250 

C,2,100,Algoritmo_3, 0.002258 

C,2,100,Algoritmo_3, 0.002256 

C,2,100,Algoritmo_3, 0.002260 

C,2,100,Algoritmo_3, 0.002262 

C,2,100,Algoritmo_3, 0.002247 

C,2,100,Algoritmo_3, 0.002243 

C,2,100,Algoritmo_3, 0.002260 

C,2,100,Algoritmo_3, 0.002256 

C,2,100,Algoritmo_3, 0.002219 

C,2,100,Algoritmo_3, 0.002250 

C,2,100,Algoritmo_3, 0.002256 

C,2,100,Algoritmo_3, 0.002206 

C,2,100,Algoritmo_3, 0.002243 

C,2,100,Algoritmo_3, 0.002253 

C,2,100,Algoritmo_3, 0.002241 

C,2,100,Algoritmo_3, 0.002236 

C,2,100,Algoritmo_3, 0.002238 

C,2,100,Algoritmo_3, 0.002231 

C,4,100,Algoritmo_3, 0.001340 

C,4,100,Algoritmo_3, 0.001295 

C,4,100,Algoritmo_3, 0.001354 

C,4,100,Algoritmo_3, 0.001306 

C,4,100,Algoritmo_3, 0.001260 

C,4,100,Algoritmo_3, 0.001268 

C,4,100,Algoritmo_3, 0.001300 

C,4,100,Algoritmo_3, 0.001184 

C,4,100,Algoritmo_3, 0.001226 

C,4,100,Algoritmo_3, 0.001263 

C,4,100,Algoritmo_3, 0.001284 

C,4,100,Algoritmo_3, 0.001200 

C,4,100,Algoritmo_3, 0.001221 

C,4,100,Algoritmo_3, 0.001259 

C,4,100,Algoritmo_3, 0.001291 

C,4,100,Algoritmo_3, 0.001310 

C,4,100,Algoritmo_3, 0.001234 

C,4,100,Algoritmo_3, 0.001262 

C,4,100,Algoritmo_3, 0.001282 

C,4,100,Algoritmo_3, 0.001286 

C,4,100,Algoritmo_3, 0.001327 

C,4,100,Algoritmo_3, 0.001257 

C,4,100,Algoritmo_3, 0.001249 

C,4,100,Algoritmo_3, 0.001310 

C,4,100,Algoritmo_3, 0.001303 

C,4,100,Algoritmo_3, 0.001246 

C,4,100,Algoritmo_3, 0.001253 

C,4,100,Algoritmo_3, 0.001269 

C,4,100,Algoritmo_3, 0.001303 

C,4,100,Algoritmo_3, 0.001330 

C,4,100,Algoritmo_3, 0.001218 

C,4,100,Algoritmo_3, 0.001265 

C,4,100,Algoritmo_3, 0.001298 

C,4,100,Algoritmo_3, 0.001311 

C,4,100,Algoritmo_3, 0.001186 

C,4,100,Algoritmo_3, 0.001263 

C,8,100,Algoritmo_3, 0.001284 

C,8,100,Algoritmo_3, 0.001207 

C,8,100,Algoritmo_3, 0.001125 

C,8,100,Algoritmo_3, 0.001156 

C,8,100,Algoritmo_3, 0.001339 

C,8,100,Algoritmo_3, 0.001240 

C,8,100,Algoritmo_3, 0.001128 

C,8,100,Algoritmo_3, 0.001182 

C,8,100,Algoritmo_3, 0.001350 

C,8,100,Algoritmo_3, 0.001345 

C,8,100,Algoritmo_3, 0.001150 

C,8,100,Algoritmo_3, 0.001190 

C,8,100,Algoritmo_3, 0.001153 

C,8,100,Algoritmo_3, 0.001252 

C,8,100,Algoritmo_3, 0.001126 

C,8,100,Algoritmo_3, 0.001180 

C,8,100,Algoritmo_3, 0.001279 

C,8,100,Algoritmo_3, 0.001267 

C,8,100,Algoritmo_3, 0.001134 

C,8,100,Algoritmo_3, 0.001187 

C,8,100,Algoritmo_3, 0.001354 

C,8,100,Algoritmo_3, 0.001293 

C,8,100,Algoritmo_3, 0.001257 

C,8,100,Algoritmo_3, 0.001206 

C,8,100,Algoritmo_3, 0.001189 

C,8,100,Algoritmo_3, 0.001311 

C,8,100,Algoritmo_3, 0.001209 

C,8,100,Algoritmo_3, 0.001121 

C,8,100,Algoritmo_3, 0.001180 

C,8,100,Algoritmo_3, 0.001288 

C,8,100,Algoritmo_3, 0.001264 

C,8,100,Algoritmo_3, 0.001124 

C,8,100,Algoritmo_3, 0.001188 

C,8,100,Algoritmo_3, 0.001299 

C,8,100,Algoritmo_3, 0.001218 

C,8,100,Algoritmo_3, 0.001116 

C,1,200,Algoritmo_1, 0.026661 

C,1,200,Algoritmo_1, 0.020953 

C,1,200,Algoritmo_1, 0.020480 

C,1,200,Algoritmo_1, 0.020383 

C,1,200,Algoritmo_1, 0.020982 

C,1,200,Algoritmo_1, 0.020803 

C,1,200,Algoritmo_1, 0.020868 

C,1,200,Algoritmo_1, 0.020981 

C,1,200,Algoritmo_1, 0.020948 

C,1,200,Algoritmo_1, 0.020688 

C,1,200,Algoritmo_1, 0.021146 

C,1,200,Algoritmo_1, 0.020954 

C,1,200,Algoritmo_1, 0.020990 

C,1,200,Algoritmo_1, 0.020630 

C,1,200,Algoritmo_1, 0.021127 

C,1,200,Algoritmo_1, 0.020908 

C,1,200,Algoritmo_1, 0.021304 

C,1,200,Algoritmo_1, 0.020486 

C,1,200,Algoritmo_1, 0.020643 

C,1,200,Algoritmo_1, 0.020933 

C,1,200,Algoritmo_1, 0.020938 

C,1,200,Algoritmo_1, 0.020918 

C,1,200,Algoritmo_1, 0.020987 

C,1,200,Algoritmo_1, 0.020951 

C,1,200,Algoritmo_1, 0.020942 

C,1,200,Algoritmo_1, 0.020951 

C,1,200,Algoritmo_1, 0.020431 

C,1,200,Algoritmo_1, 0.020427 

C,1,200,Algoritmo_1, 0.020371 

C,1,200,Algoritmo_1, 0.020347 

C,1,200,Algoritmo_1, 0.020962 

C,1,200,Algoritmo_1, 0.020485 

C,1,200,Algoritmo_1, 0.021096 

C,1,200,Algoritmo_1, 0.020539 

C,1,200,Algoritmo_1, 0.022696 

C,1,200,Algoritmo_1, 0.020638 

C,2,200,Algoritmo_1, 0.011080 

C,2,200,Algoritmo_1, 0.010542 

C,2,200,Algoritmo_1, 0.010542 

C,2,200,Algoritmo_1, 0.010536 

C,2,200,Algoritmo_1, 0.010571 

C,2,200,Algoritmo_1, 0.010547 

C,2,200,Algoritmo_1, 0.010599 

C,2,200,Algoritmo_1, 0.010453 

C,2,200,Algoritmo_1, 0.010614 

C,2,200,Algoritmo_1, 0.010485 

C,2,200,Algoritmo_1, 0.010551 

C,2,200,Algoritmo_1, 0.010553 

C,2,200,Algoritmo_1, 0.010594 

C,2,200,Algoritmo_1, 0.010522 

C,2,200,Algoritmo_1, 0.010529 

C,2,200,Algoritmo_1, 0.010384 

C,2,200,Algoritmo_1, 0.010563 

C,2,200,Algoritmo_1, 0.010415 

C,2,200,Algoritmo_1, 0.010936 

C,2,200,Algoritmo_1, 0.010997 

C,2,200,Algoritmo_1, 0.011212 

C,2,200,Algoritmo_1, 0.011011 

C,2,200,Algoritmo_1, 0.011064 

C,2,200,Algoritmo_1, 0.010566 

C,2,200,Algoritmo_1, 0.010375 

C,2,200,Algoritmo_1, 0.010257 

C,2,200,Algoritmo_1, 0.010294 

C,2,200,Algoritmo_1, 0.010357 

C,2,200,Algoritmo_1, 0.010325 

C,2,200,Algoritmo_1, 0.010398 

C,2,200,Algoritmo_1, 0.010690 

C,2,200,Algoritmo_1, 0.010675 

C,2,200,Algoritmo_1, 0.010676 

C,2,200,Algoritmo_1, 0.010347 

C,2,200,Algoritmo_1, 0.010393 

C,2,200,Algoritmo_1, 0.010806 

C,4,200,Algoritmo_1, 0.005469 

C,4,200,Algoritmo_1, 0.005596 

C,4,200,Algoritmo_1, 0.005579 

C,4,200,Algoritmo_1, 0.005542 

C,4,200,Algoritmo_1, 0.005522 

C,4,200,Algoritmo_1, 0.005534 

C,4,200,Algoritmo_1, 0.005435 

C,4,200,Algoritmo_1, 0.005760 

C,4,200,Algoritmo_1, 0.005078 

C,4,200,Algoritmo_1, 0.005185 

C,4,200,Algoritmo_1, 0.005245 

C,4,200,Algoritmo_1, 0.005683 

C,4,200,Algoritmo_1, 0.005602 

C,4,200,Algoritmo_1, 0.005464 

C,4,200,Algoritmo_1, 0.005491 

C,4,200,Algoritmo_1, 0.005673 

C,4,200,Algoritmo_1, 0.005757 

C,4,200,Algoritmo_1, 0.005511 

C,4,200,Algoritmo_1, 0.005161 

C,4,200,Algoritmo_1, 0.005648 

C,4,200,Algoritmo_1, 0.005927 

C,4,200,Algoritmo_1, 0.005885 

C,4,200,Algoritmo_1, 0.005921 

C,4,200,Algoritmo_1, 0.005933 

C,4,200,Algoritmo_1, 0.005775 

C,4,200,Algoritmo_1, 0.005627 

C,4,200,Algoritmo_1, 0.005939 

C,4,200,Algoritmo_1, 0.005931 

C,4,200,Algoritmo_1, 0.005962 

C,4,200,Algoritmo_1, 0.005957 

C,4,200,Algoritmo_1, 0.005678 

C,4,200,Algoritmo_1, 0.005913 

C,4,200,Algoritmo_1, 0.005935 

C,4,200,Algoritmo_1, 0.005903 

C,4,200,Algoritmo_1, 0.005950 

C,4,200,Algoritmo_1, 0.005945 

C,8,200,Algoritmo_1, 0.005199 

C,8,200,Algoritmo_1, 0.005195 

C,8,200,Algoritmo_1, 0.005398 

C,8,200,Algoritmo_1, 0.005391 

C,8,200,Algoritmo_1, 0.005392 

C,8,200,Algoritmo_1, 0.005681 

C,8,200,Algoritmo_1, 0.005472 

C,8,200,Algoritmo_1, 0.005471 

C,8,200,Algoritmo_1, 0.005489 

C,8,200,Algoritmo_1, 0.005452 

C,8,200,Algoritmo_1, 0.005372 

C,8,200,Algoritmo_1, 0.005189 

C,8,200,Algoritmo_1, 0.006471 

C,8,200,Algoritmo_1, 0.005409 

C,8,200,Algoritmo_1, 0.005425 

C,8,200,Algoritmo_1, 0.005433 

C,8,200,Algoritmo_1, 0.005435 

C,8,200,Algoritmo_1, 0.005512 

C,8,200,Algoritmo_1, 0.005457 

C,8,200,Algoritmo_1, 0.005310 

C,8,200,Algoritmo_1, 0.005236 

C,8,200,Algoritmo_1, 0.005298 

C,8,200,Algoritmo_1, 0.005450 

C,8,200,Algoritmo_1, 0.005260 

C,8,200,Algoritmo_1, 0.005576 

C,8,200,Algoritmo_1, 0.005446 

C,8,200,Algoritmo_1, 0.005424 

C,8,200,Algoritmo_1, 0.005462 

C,8,200,Algoritmo_1, 0.005466 

C,8,200,Algoritmo_1, 0.005209 

C,8,200,Algoritmo_1, 0.005217 

C,8,200,Algoritmo_1, 0.005194 

C,8,200,Algoritmo_1, 0.005338 

C,8,200,Algoritmo_1, 0.005453 

C,8,200,Algoritmo_1, 0.005401 

C,8,200,Algoritmo_1, 0.005474 

C,1,200,Algoritmo_2, 0.021603 

C,1,200,Algoritmo_2, 0.018709 

C,1,200,Algoritmo_2, 0.017909 

C,1,200,Algoritmo_2, 0.018267 

C,1,200,Algoritmo_2, 0.020512 

C,1,200,Algoritmo_2, 0.019526 

C,1,200,Algoritmo_2, 0.019747 

C,1,200,Algoritmo_2, 0.019703 

C,1,200,Algoritmo_2, 0.018997 

C,1,200,Algoritmo_2, 0.019121 

C,1,200,Algoritmo_2, 0.019471 

C,1,200,Algoritmo_2, 0.019425 

C,1,200,Algoritmo_2, 0.018690 

C,1,200,Algoritmo_2, 0.018215 

C,1,200,Algoritmo_2, 0.017750 

C,1,200,Algoritmo_2, 0.019413 

C,1,200,Algoritmo_2, 0.018712 

C,1,200,Algoritmo_2, 0.018596 

C,1,200,Algoritmo_2, 0.018450 

C,1,200,Algoritmo_2, 0.020795 

C,1,200,Algoritmo_2, 0.022578 

C,1,200,Algoritmo_2, 0.020091 

C,1,200,Algoritmo_2, 0.018990 

C,1,200,Algoritmo_2, 0.018333 

C,1,200,Algoritmo_2, 0.018492 

C,1,200,Algoritmo_2, 0.018351 

C,1,200,Algoritmo_2, 0.018090 

C,1,200,Algoritmo_2, 0.018032 

C,1,200,Algoritmo_2, 0.018039 

C,1,200,Algoritmo_2, 0.018373 

C,1,200,Algoritmo_2, 0.018061 

C,1,200,Algoritmo_2, 0.017804 

C,1,200,Algoritmo_2, 0.018589 

C,1,200,Algoritmo_2, 0.018316 

C,1,200,Algoritmo_2, 0.018470 

C,1,200,Algoritmo_2, 0.018347 

C,2,200,Algoritmo_2, 0.009712 

C,2,200,Algoritmo_2, 0.011189 

C,2,200,Algoritmo_2, 0.010441 

C,2,200,Algoritmo_2, 0.010354 

C,2,200,Algoritmo_2, 0.009847 

C,2,200,Algoritmo_2, 0.010538 

C,2,200,Algoritmo_2, 0.010569 

C,2,200,Algoritmo_2, 0.010369 

C,2,200,Algoritmo_2, 0.010175 

C,2,200,Algoritmo_2, 0.010196 

C,2,200,Algoritmo_2, 0.009928 

C,2,200,Algoritmo_2, 0.009842 

C,2,200,Algoritmo_2, 0.009491 

C,2,200,Algoritmo_2, 0.010915 

C,2,200,Algoritmo_2, 0.009947 

C,2,200,Algoritmo_2, 0.009981 

C,2,200,Algoritmo_2, 0.009972 

C,2,200,Algoritmo_2, 0.009460 

C,2,200,Algoritmo_2, 0.009214 

C,2,200,Algoritmo_2, 0.009866 

C,2,200,Algoritmo_2, 0.009906 

C,2,200,Algoritmo_2, 0.009984 

C,2,200,Algoritmo_2, 0.009662 

C,2,200,Algoritmo_2, 0.009528 

C,2,200,Algoritmo_2, 0.009320 

C,2,200,Algoritmo_2, 0.009595 

C,2,200,Algoritmo_2, 0.009333 

C,2,200,Algoritmo_2, 0.009452 

C,2,200,Algoritmo_2, 0.009676 

C,2,200,Algoritmo_2, 0.009856 

C,2,200,Algoritmo_2, 0.009470 

C,2,200,Algoritmo_2, 0.009500 

C,2,200,Algoritmo_2, 0.009267 

C,2,200,Algoritmo_2, 0.009381 

C,2,200,Algoritmo_2, 0.009625 

C,2,200,Algoritmo_2, 0.009270 

C,4,200,Algoritmo_2, 0.005139 

C,4,200,Algoritmo_2, 0.005118 

C,4,200,Algoritmo_2, 0.005202 

C,4,200,Algoritmo_2, 0.005235 

C,4,200,Algoritmo_2, 0.005422 

C,4,200,Algoritmo_2, 0.005290 

C,4,200,Algoritmo_2, 0.005535 

C,4,200,Algoritmo_2, 0.005588 

C,4,200,Algoritmo_2, 0.005603 

C,4,200,Algoritmo_2, 0.005561 

C,4,200,Algoritmo_2, 0.005436 

C,4,200,Algoritmo_2, 0.005332 

C,4,200,Algoritmo_2, 0.005054 

C,4,200,Algoritmo_2, 0.007195 

C,4,200,Algoritmo_2, 0.007062 

C,4,200,Algoritmo_2, 0.005632 

C,4,200,Algoritmo_2, 0.005613 

C,4,200,Algoritmo_2, 0.005194 

C,4,200,Algoritmo_2, 0.005311 

C,4,200,Algoritmo_2, 0.005579 

C,4,200,Algoritmo_2, 0.005350 

C,4,200,Algoritmo_2, 0.005370 

C,4,200,Algoritmo_2, 0.005325 

C,4,200,Algoritmo_2, 0.005359 

C,4,200,Algoritmo_2, 0.005364 

C,4,200,Algoritmo_2, 0.005338 

C,4,200,Algoritmo_2, 0.005335 

C,4,200,Algoritmo_2, 0.005345 

C,4,200,Algoritmo_2, 0.005379 

C,4,200,Algoritmo_2, 0.005338 

C,4,200,Algoritmo_2, 0.005357 

C,4,200,Algoritmo_2, 0.005321 

C,4,200,Algoritmo_2, 0.005326 

C,4,200,Algoritmo_2, 0.005343 

C,4,200,Algoritmo_2, 0.005353 

C,4,200,Algoritmo_2, 0.005351 

C,8,200,Algoritmo_2, 0.004584 

C,8,200,Algoritmo_2, 0.004586 

C,8,200,Algoritmo_2, 0.004570 

C,8,200,Algoritmo_2, 0.004579 

C,8,200,Algoritmo_2, 0.004586 

C,8,200,Algoritmo_2, 0.004581 

C,8,200,Algoritmo_2, 0.004587 

C,8,200,Algoritmo_2, 0.004581 

C,8,200,Algoritmo_2, 0.004577 

C,8,200,Algoritmo_2, 0.004589 

C,8,200,Algoritmo_2, 0.004586 

C,8,200,Algoritmo_2, 0.004580 

C,8,200,Algoritmo_2, 0.004576 

C,8,200,Algoritmo_2, 0.004579 

C,8,200,Algoritmo_2, 0.004592 

C,8,200,Algoritmo_2, 0.004582 

C,8,200,Algoritmo_2, 0.004585 

C,8,200,Algoritmo_2, 0.004583 

C,8,200,Algoritmo_2, 0.004580 

C,8,200,Algoritmo_2, 0.004587 

C,8,200,Algoritmo_2, 0.004676 

C,8,200,Algoritmo_2, 0.004586 

C,8,200,Algoritmo_2, 0.004575 

C,8,200,Algoritmo_2, 0.004591 

C,8,200,Algoritmo_2, 0.005253 

C,8,200,Algoritmo_2, 0.004844 

C,8,200,Algoritmo_2, 0.004664 

C,8,200,Algoritmo_2, 0.004593 

C,8,200,Algoritmo_2, 0.004575 

C,8,200,Algoritmo_2, 0.004589 

C,8,200,Algoritmo_2, 0.004590 

C,8,200,Algoritmo_2, 0.004593 

C,8,200,Algoritmo_2, 0.004582 

C,8,200,Algoritmo_2, 0.004585 

C,8,200,Algoritmo_2, 0.004591 

C,8,200,Algoritmo_2, 0.004577 

C,1,200,Algoritmo_3, 0.023507 

C,1,200,Algoritmo_3, 0.023575 

C,1,200,Algoritmo_3, 0.023572 

C,1,200,Algoritmo_3, 0.022678 

C,1,200,Algoritmo_3, 0.022651 

C,1,200,Algoritmo_3, 0.021458 

C,1,200,Algoritmo_3, 0.020063 

C,1,200,Algoritmo_3, 0.019952 

C,1,200,Algoritmo_3, 0.020006 

C,1,200,Algoritmo_3, 0.020680 

C,1,200,Algoritmo_3, 0.020045 

C,1,200,Algoritmo_3, 0.019978 

C,1,200,Algoritmo_3, 0.020046 

C,1,200,Algoritmo_3, 0.020044 

C,1,200,Algoritmo_3, 0.020096 

C,1,200,Algoritmo_3, 0.020102 

C,1,200,Algoritmo_3, 0.019982 

C,1,200,Algoritmo_3, 0.021152 

C,1,200,Algoritmo_3, 0.021243 

C,1,200,Algoritmo_3, 0.019960 

C,1,200,Algoritmo_3, 0.020039 

C,1,200,Algoritmo_3, 0.019881 

C,1,200,Algoritmo_3, 0.020223 

C,1,200,Algoritmo_3, 0.020206 

C,1,200,Algoritmo_3, 0.019918 

C,1,200,Algoritmo_3, 0.020043 

C,1,200,Algoritmo_3, 0.019960 

C,1,200,Algoritmo_3, 0.020322 

C,1,200,Algoritmo_3, 0.019992 

C,1,200,Algoritmo_3, 0.021899 

C,1,200,Algoritmo_3, 0.020040 

C,1,200,Algoritmo_3, 0.022446 

C,1,200,Algoritmo_3, 0.020010 

C,1,200,Algoritmo_3, 0.019902 

C,1,200,Algoritmo_3, 0.019986 

C,1,200,Algoritmo_3, 0.019943 

C,2,200,Algoritmo_3, 0.010154 

C,2,200,Algoritmo_3, 0.010250 

C,2,200,Algoritmo_3, 0.010191 

C,2,200,Algoritmo_3, 0.010005 

C,2,200,Algoritmo_3, 0.010041 

C,2,200,Algoritmo_3, 0.010025 

C,2,200,Algoritmo_3, 0.010066 

C,2,200,Algoritmo_3, 0.010094 

C,2,200,Algoritmo_3, 0.010048 

C,2,200,Algoritmo_3, 0.010100 

C,2,200,Algoritmo_3, 0.012989 

C,2,200,Algoritmo_3, 0.011671 

C,2,200,Algoritmo_3, 0.011546 

C,2,200,Algoritmo_3, 0.011486 

C,2,200,Algoritmo_3, 0.010124 

C,2,200,Algoritmo_3, 0.009997 

C,2,200,Algoritmo_3, 0.013081 

C,2,200,Algoritmo_3, 0.011557 

C,2,200,Algoritmo_3, 0.011562 

C,2,200,Algoritmo_3, 0.012505 

C,2,200,Algoritmo_3, 0.010910 

C,2,200,Algoritmo_3, 0.010998 

C,2,200,Algoritmo_3, 0.010640 

C,2,200,Algoritmo_3, 0.011972 

C,2,200,Algoritmo_3, 0.011571 

C,2,200,Algoritmo_3, 0.011549 

C,2,200,Algoritmo_3, 0.012066 

C,2,200,Algoritmo_3, 0.011582 

C,2,200,Algoritmo_3, 0.013202 

C,2,200,Algoritmo_3, 0.011459 

C,2,200,Algoritmo_3, 0.011345 

C,2,200,Algoritmo_3, 0.011561 

C,2,200,Algoritmo_3, 0.011290 

C,2,200,Algoritmo_3, 0.011331 

C,2,200,Algoritmo_3, 0.011300 

C,2,200,Algoritmo_3, 0.011291 

C,4,200,Algoritmo_3, 0.005871 

C,4,200,Algoritmo_3, 0.005978 

C,4,200,Algoritmo_3, 0.006178 

C,4,200,Algoritmo_3, 0.006010 

C,4,200,Algoritmo_3, 0.005885 

C,4,200,Algoritmo_3, 0.006050 

C,4,200,Algoritmo_3, 0.006325 

C,4,200,Algoritmo_3, 0.005829 

C,4,200,Algoritmo_3, 0.005784 

C,4,200,Algoritmo_3, 0.005902 

C,4,200,Algoritmo_3, 0.005761 

C,4,200,Algoritmo_3, 0.006439 

C,4,200,Algoritmo_3, 0.006457 

C,4,200,Algoritmo_3, 0.006472 

C,4,200,Algoritmo_3, 0.006473 

C,4,200,Algoritmo_3, 0.006420 

C,4,200,Algoritmo_3, 0.006395 

C,4,200,Algoritmo_3, 0.006475 

C,4,200,Algoritmo_3, 0.006505 

C,4,200,Algoritmo_3, 0.006509 

C,4,200,Algoritmo_3, 0.006422 

C,4,200,Algoritmo_3, 0.006395 

C,4,200,Algoritmo_3, 0.006373 

C,4,200,Algoritmo_3, 0.006513 

C,4,200,Algoritmo_3, 0.006480 

C,4,200,Algoritmo_3, 0.006485 

C,4,200,Algoritmo_3, 0.006428 

C,4,200,Algoritmo_3, 0.006392 

C,4,200,Algoritmo_3, 0.006374 

C,4,200,Algoritmo_3, 0.006497 

C,4,200,Algoritmo_3, 0.006510 

C,4,200,Algoritmo_3, 0.006501 

C,4,200,Algoritmo_3, 0.006954 

C,4,200,Algoritmo_3, 0.006541 

C,4,200,Algoritmo_3, 0.006488 

C,4,200,Algoritmo_3, 0.006650 

C,8,200,Algoritmo_3, 0.006423 

C,8,200,Algoritmo_3, 0.006378 

C,8,200,Algoritmo_3, 0.006594 

C,8,200,Algoritmo_3, 0.006489 

C,8,200,Algoritmo_3, 0.006448 

C,8,200,Algoritmo_3, 0.006459 

C,8,200,Algoritmo_3, 0.006448 

C,8,200,Algoritmo_3, 0.006364 

C,8,200,Algoritmo_3, 0.006398 

C,8,200,Algoritmo_3, 0.006386 

C,8,200,Algoritmo_3, 0.006298 

C,8,200,Algoritmo_3, 0.006431 

C,8,200,Algoritmo_3, 0.006394 

C,8,200,Algoritmo_3, 0.006379 

C,8,200,Algoritmo_3, 0.006419 

C,8,200,Algoritmo_3, 0.006408 

C,8,200,Algoritmo_3, 0.006377 

C,8,200,Algoritmo_3, 0.006448 

C,8,200,Algoritmo_3, 0.006475 

C,8,200,Algoritmo_3, 0.006499 

C,8,200,Algoritmo_3, 0.006384 

C,8,200,Algoritmo_3, 0.006406 

C,8,200,Algoritmo_3, 0.006339 

C,8,200,Algoritmo_3, 0.006379 

C,8,200,Algoritmo_3, 0.006433 

C,8,200,Algoritmo_3, 0.006357 

C,8,200,Algoritmo_3, 0.006396 

C,8,200,Algoritmo_3, 0.006394 

C,8,200,Algoritmo_3, 0.006352 

C,8,200,Algoritmo_3, 0.006361 

C,8,200,Algoritmo_3, 0.006384 

C,8,200,Algoritmo_3, 0.006413 

C,8,200,Algoritmo_3, 0.006483 

C,8,200,Algoritmo_3, 0.006443 

C,8,200,Algoritmo_3, 0.006364 

C,8,200,Algoritmo_3, 0.006354 

C,1,400,Algoritmo_1, 0.157675 

C,1,400,Algoritmo_1, 0.147085 

C,1,400,Algoritmo_1, 0.147644 

C,1,400,Algoritmo_1, 0.152503 

C,1,400,Algoritmo_1, 0.152899 

C,1,400,Algoritmo_1, 0.144585 

C,1,400,Algoritmo_1, 0.147608 

C,1,400,Algoritmo_1, 0.145497 

C,1,400,Algoritmo_1, 0.145681 

C,1,400,Algoritmo_1, 0.145531 

C,1,400,Algoritmo_1, 0.147772 

C,1,400,Algoritmo_1, 0.149848 

C,1,400,Algoritmo_1, 0.147091 

C,1,400,Algoritmo_1, 0.148815 

C,1,400,Algoritmo_1, 0.147300 

C,1,400,Algoritmo_1, 0.146678 

C,1,400,Algoritmo_1, 0.145285 

C,1,400,Algoritmo_1, 0.148955 

C,1,400,Algoritmo_1, 0.148545 

C,1,400,Algoritmo_1, 0.145835 

C,1,400,Algoritmo_1, 0.150041 

C,1,400,Algoritmo_1, 0.147732 

C,1,400,Algoritmo_1, 0.147633 

C,1,400,Algoritmo_1, 0.146246 

C,1,400,Algoritmo_1, 0.152031 

C,1,400,Algoritmo_1, 0.148361 

C,1,400,Algoritmo_1, 0.153160 

C,1,400,Algoritmo_1, 0.149256 

C,1,400,Algoritmo_1, 0.152040 

C,1,400,Algoritmo_1, 0.156140 

C,1,400,Algoritmo_1, 0.159317 

C,1,400,Algoritmo_1, 0.148155 

C,1,400,Algoritmo_1, 0.150096 

C,1,400,Algoritmo_1, 0.150860 

C,1,400,Algoritmo_1, 0.146930 

C,1,400,Algoritmo_1, 0.147804 

C,2,400,Algoritmo_1, 0.078249 

C,2,400,Algoritmo_1, 0.074955 

C,2,400,Algoritmo_1, 0.077671 

C,2,400,Algoritmo_1, 0.075747 

C,2,400,Algoritmo_1, 0.075671 

C,2,400,Algoritmo_1, 0.075422 

C,2,400,Algoritmo_1, 0.075895 

C,2,400,Algoritmo_1, 0.074505 

C,2,400,Algoritmo_1, 0.078161 

C,2,400,Algoritmo_1, 0.076193 

C,2,400,Algoritmo_1, 0.075253 

C,2,400,Algoritmo_1, 0.074512 

C,2,400,Algoritmo_1, 0.075367 

C,2,400,Algoritmo_1, 0.074466 

C,2,400,Algoritmo_1, 0.078815 

C,2,400,Algoritmo_1, 0.077030 

C,2,400,Algoritmo_1, 0.074896 

C,2,400,Algoritmo_1, 0.075745 

C,2,400,Algoritmo_1, 0.075277 

C,2,400,Algoritmo_1, 0.073231 

C,2,400,Algoritmo_1, 0.075955 

C,2,400,Algoritmo_1, 0.074943 

C,2,400,Algoritmo_1, 0.075394 

C,2,400,Algoritmo_1, 0.075534 

C,2,400,Algoritmo_1, 0.076962 

C,2,400,Algoritmo_1, 0.076534 

C,2,400,Algoritmo_1, 0.075593 

C,2,400,Algoritmo_1, 0.076093 

C,2,400,Algoritmo_1, 0.075745 

C,2,400,Algoritmo_1, 0.075912 

C,2,400,Algoritmo_1, 0.077309 

C,2,400,Algoritmo_1, 0.073911 

C,2,400,Algoritmo_1, 0.075574 

C,2,400,Algoritmo_1, 0.075205 

C,2,400,Algoritmo_1, 0.075655 

C,2,400,Algoritmo_1, 0.074616 

C,4,400,Algoritmo_1, 0.042761 

C,4,400,Algoritmo_1, 0.042103 

C,4,400,Algoritmo_1, 0.042199 

C,4,400,Algoritmo_1, 0.042143 

C,4,400,Algoritmo_1, 0.042446 

C,4,400,Algoritmo_1, 0.042066 

C,4,400,Algoritmo_1, 0.042321 

C,4,400,Algoritmo_1, 0.042166 

C,4,400,Algoritmo_1, 0.041978 

C,4,400,Algoritmo_1, 0.041997 

C,4,400,Algoritmo_1, 0.042076 

C,4,400,Algoritmo_1, 0.042182 

C,4,400,Algoritmo_1, 0.041950 

C,4,400,Algoritmo_1, 0.042607 

C,4,400,Algoritmo_1, 0.042144 

C,4,400,Algoritmo_1, 0.042638 

C,4,400,Algoritmo_1, 0.048209 

C,4,400,Algoritmo_1, 0.042121 

C,4,400,Algoritmo_1, 0.042079 

C,4,400,Algoritmo_1, 0.041909 

C,4,400,Algoritmo_1, 0.042715 

C,4,400,Algoritmo_1, 0.042138 

C,4,400,Algoritmo_1, 0.041948 

C,4,400,Algoritmo_1, 0.042513 

C,4,400,Algoritmo_1, 0.042720 

C,4,400,Algoritmo_1, 0.042029 

C,4,400,Algoritmo_1, 0.044639 

C,4,400,Algoritmo_1, 0.043289 

C,4,400,Algoritmo_1, 0.042206 

C,4,400,Algoritmo_1, 0.042277 

C,4,400,Algoritmo_1, 0.042063 

C,4,400,Algoritmo_1, 0.043261 

C,4,400,Algoritmo_1, 0.042095 

C,4,400,Algoritmo_1, 0.042266 

C,4,400,Algoritmo_1, 0.042078 

C,4,400,Algoritmo_1, 0.042043 

C,8,400,Algoritmo_1, 0.040783 

C,8,400,Algoritmo_1, 0.040820 

C,8,400,Algoritmo_1, 0.040937 

C,8,400,Algoritmo_1, 0.040861 

C,8,400,Algoritmo_1, 0.042295 

C,8,400,Algoritmo_1, 0.040687 

C,8,400,Algoritmo_1, 0.043248 

C,8,400,Algoritmo_1, 0.040925 

C,8,400,Algoritmo_1, 0.040882 

C,8,400,Algoritmo_1, 0.040820 

C,8,400,Algoritmo_1, 0.040911 

C,8,400,Algoritmo_1, 0.040748 

C,8,400,Algoritmo_1, 0.040633 

C,8,400,Algoritmo_1, 0.041065 

C,8,400,Algoritmo_1, 0.040966 

C,8,400,Algoritmo_1, 0.040725 

C,8,400,Algoritmo_1, 0.040857 

C,8,400,Algoritmo_1, 0.041295 

C,8,400,Algoritmo_1, 0.041076 

C,8,400,Algoritmo_1, 0.040857 

C,8,400,Algoritmo_1, 0.040773 

C,8,400,Algoritmo_1, 0.040844 

C,8,400,Algoritmo_1, 0.040714 

C,8,400,Algoritmo_1, 0.041330 

C,8,400,Algoritmo_1, 0.040709 

C,8,400,Algoritmo_1, 0.040722 

C,8,400,Algoritmo_1, 0.040857 

C,8,400,Algoritmo_1, 0.040666 

C,8,400,Algoritmo_1, 0.040907 

C,8,400,Algoritmo_1, 0.040825 

C,8,400,Algoritmo_1, 0.040741 

C,8,400,Algoritmo_1, 0.040915 

C,8,400,Algoritmo_1, 0.040787 

C,8,400,Algoritmo_1, 0.040922 

C,8,400,Algoritmo_1, 0.041655 

C,8,400,Algoritmo_1, 0.044073 

C,1,400,Algoritmo_2, 0.139575 

C,1,400,Algoritmo_2, 0.137975 

C,1,400,Algoritmo_2, 0.139554 

C,1,400,Algoritmo_2, 0.139875 

C,1,400,Algoritmo_2, 0.135999 

C,1,400,Algoritmo_2, 0.137909 

C,1,400,Algoritmo_2, 0.140179 

C,1,400,Algoritmo_2, 0.137777 

C,1,400,Algoritmo_2, 0.137654 

C,1,400,Algoritmo_2, 0.139531 

C,1,400,Algoritmo_2, 0.140224 

C,1,400,Algoritmo_2, 0.137764 

C,1,400,Algoritmo_2, 0.137672 

C,1,400,Algoritmo_2, 0.140124 

C,1,400,Algoritmo_2, 0.140562 

C,1,400,Algoritmo_2, 0.141275 

C,1,400,Algoritmo_2, 0.140653 

C,1,400,Algoritmo_2, 0.138724 

C,1,400,Algoritmo_2, 0.137816 

C,1,400,Algoritmo_2, 0.140601 

C,1,400,Algoritmo_2, 0.139404 

C,1,400,Algoritmo_2, 0.140735 

C,1,400,Algoritmo_2, 0.139883 

C,1,400,Algoritmo_2, 0.136637 

C,1,400,Algoritmo_2, 0.140006 

C,1,400,Algoritmo_2, 0.138273 

C,1,400,Algoritmo_2, 0.137593 

C,1,400,Algoritmo_2, 0.142236 

C,1,400,Algoritmo_2, 0.136592 

C,1,400,Algoritmo_2, 0.138332 

C,1,400,Algoritmo_2, 0.140039 

C,1,400,Algoritmo_2, 0.140007 

C,1,400,Algoritmo_2, 0.139684 

C,1,400,Algoritmo_2, 0.139289 

C,1,400,Algoritmo_2, 0.136535 

C,1,400,Algoritmo_2, 0.138519 

C,2,400,Algoritmo_2, 0.070605 

C,2,400,Algoritmo_2, 0.072000 

C,2,400,Algoritmo_2, 0.070832 

C,2,400,Algoritmo_2, 0.070799 

C,2,400,Algoritmo_2, 0.070915 

C,2,400,Algoritmo_2, 0.070721 

C,2,400,Algoritmo_2, 0.072801 

C,2,400,Algoritmo_2, 0.069815 

C,2,400,Algoritmo_2, 0.070119 

C,2,400,Algoritmo_2, 0.071138 

C,2,400,Algoritmo_2, 0.071294 

C,2,400,Algoritmo_2, 0.070099 

C,2,400,Algoritmo_2, 0.071160 

C,2,400,Algoritmo_2, 0.071133 

C,2,400,Algoritmo_2, 0.070525 

C,2,400,Algoritmo_2, 0.070178 

C,2,400,Algoritmo_2, 0.070803 

C,2,400,Algoritmo_2, 0.071005 

C,2,400,Algoritmo_2, 0.071639 

C,2,400,Algoritmo_2, 0.071652 

C,2,400,Algoritmo_2, 0.070739 

C,2,400,Algoritmo_2, 0.070705 

C,2,400,Algoritmo_2, 0.070134 

C,2,400,Algoritmo_2, 0.073090 

C,2,400,Algoritmo_2, 0.071340 

C,2,400,Algoritmo_2, 0.070188 

C,2,400,Algoritmo_2, 0.071127 

C,2,400,Algoritmo_2, 0.071188 

C,2,400,Algoritmo_2, 0.071542 

C,2,400,Algoritmo_2, 0.070469 

C,2,400,Algoritmo_2, 0.070822 

C,2,400,Algoritmo_2, 0.071043 

C,2,400,Algoritmo_2, 0.070729 

C,2,400,Algoritmo_2, 0.070361 

C,2,400,Algoritmo_2, 0.070040 

C,2,400,Algoritmo_2, 0.070787 

C,4,400,Algoritmo_2, 0.038917 

C,4,400,Algoritmo_2, 0.039115 

C,4,400,Algoritmo_2, 0.039422 

C,4,400,Algoritmo_2, 0.038685 

C,4,400,Algoritmo_2, 0.039263 

C,4,400,Algoritmo_2, 0.038687 

C,4,400,Algoritmo_2, 0.039451 

C,4,400,Algoritmo_2, 0.038697 

C,4,400,Algoritmo_2, 0.038779 

C,4,400,Algoritmo_2, 0.038671 

C,4,400,Algoritmo_2, 0.038668 

C,4,400,Algoritmo_2, 0.038702 

C,4,400,Algoritmo_2, 0.038715 

C,4,400,Algoritmo_2, 0.038663 

C,4,400,Algoritmo_2, 0.038934 

C,4,400,Algoritmo_2, 0.038688 

C,4,400,Algoritmo_2, 0.038684 

C,4,400,Algoritmo_2, 0.038745 

C,4,400,Algoritmo_2, 0.038763 

C,4,400,Algoritmo_2, 0.038616 

C,4,400,Algoritmo_2, 0.038705 

C,4,400,Algoritmo_2, 0.038664 

C,4,400,Algoritmo_2, 0.038928 

C,4,400,Algoritmo_2, 0.038782 

C,4,400,Algoritmo_2, 0.038728 

C,4,400,Algoritmo_2, 0.038850 

C,4,400,Algoritmo_2, 0.038678 

C,4,400,Algoritmo_2, 0.038707 

C,4,400,Algoritmo_2, 0.038726 

C,4,400,Algoritmo_2, 0.038691 

C,4,400,Algoritmo_2, 0.038416 

C,4,400,Algoritmo_2, 0.038667 

C,4,400,Algoritmo_2, 0.038711 

C,4,400,Algoritmo_2, 0.038673 

C,4,400,Algoritmo_2, 0.038782 

C,4,400,Algoritmo_2, 0.038915 

C,8,400,Algoritmo_2, 0.034265 

C,8,400,Algoritmo_2, 0.033920 

C,8,400,Algoritmo_2, 0.033963 

C,8,400,Algoritmo_2, 0.033905 

C,8,400,Algoritmo_2, 0.033939 

C,8,400,Algoritmo_2, 0.034099 

C,8,400,Algoritmo_2, 0.034149 

C,8,400,Algoritmo_2, 0.033925 

C,8,400,Algoritmo_2, 0.034004 

C,8,400,Algoritmo_2, 0.034090 

C,8,400,Algoritmo_2, 0.034024 

C,8,400,Algoritmo_2, 0.034289 

C,8,400,Algoritmo_2, 0.036822 

C,8,400,Algoritmo_2, 0.035851 

C,8,400,Algoritmo_2, 0.034174 

C,8,400,Algoritmo_2, 0.038231 

C,8,400,Algoritmo_2, 0.034001 

C,8,400,Algoritmo_2, 0.033963 

C,8,400,Algoritmo_2, 0.034139 

C,8,400,Algoritmo_2, 0.034045 

C,8,400,Algoritmo_2, 0.034105 

C,8,400,Algoritmo_2, 0.034084 

C,8,400,Algoritmo_2, 0.034057 

C,8,400,Algoritmo_2, 0.034073 

C,8,400,Algoritmo_2, 0.033934 

C,8,400,Algoritmo_2, 0.035495 

C,8,400,Algoritmo_2, 0.033970 

C,8,400,Algoritmo_2, 0.035586 

C,8,400,Algoritmo_2, 0.034262 

C,8,400,Algoritmo_2, 0.033975 

C,8,400,Algoritmo_2, 0.034237 

C,8,400,Algoritmo_2, 0.033993 

C,8,400,Algoritmo_2, 0.034024 

C,8,400,Algoritmo_2, 0.034037 

C,8,400,Algoritmo_2, 0.033969 

C,8,400,Algoritmo_2, 0.034106 

C,1,400,Algoritmo_3, 0.177027 

C,1,400,Algoritmo_3, 0.173910 

C,1,400,Algoritmo_3, 0.177506 

C,1,400,Algoritmo_3, 0.174692 

C,1,400,Algoritmo_3, 0.182965 

C,1,400,Algoritmo_3, 0.178724 

C,1,400,Algoritmo_3, 0.175106 

C,1,400,Algoritmo_3, 0.176766 

C,1,400,Algoritmo_3, 0.178969 

C,1,400,Algoritmo_3, 0.176594 

C,1,400,Algoritmo_3, 0.177388 

C,1,400,Algoritmo_3, 0.178990 

C,1,400,Algoritmo_3, 0.176528 

C,1,400,Algoritmo_3, 0.176706 

C,1,400,Algoritmo_3, 0.176451 

C,1,400,Algoritmo_3, 0.175209 

C,1,400,Algoritmo_3, 0.177562 

C,1,400,Algoritmo_3, 0.173997 

C,1,400,Algoritmo_3, 0.177211 

C,1,400,Algoritmo_3, 0.173580 

C,1,400,Algoritmo_3, 0.176508 

C,1,400,Algoritmo_3, 0.172907 

C,1,400,Algoritmo_3, 0.175527 

C,1,400,Algoritmo_3, 0.180050 

C,1,400,Algoritmo_3, 0.175965 

C,1,400,Algoritmo_3, 0.176686 

C,1,400,Algoritmo_3, 0.181957 

C,1,400,Algoritmo_3, 0.173780 

C,1,400,Algoritmo_3, 0.183338 

C,1,400,Algoritmo_3, 0.174536 

C,1,400,Algoritmo_3, 0.176411 

C,1,400,Algoritmo_3, 0.180170 

C,1,400,Algoritmo_3, 0.171819 

C,1,400,Algoritmo_3, 0.178779 

C,1,400,Algoritmo_3, 0.176062 

C,1,400,Algoritmo_3, 0.173118 

C,2,400,Algoritmo_3, 0.090354 

C,2,400,Algoritmo_3, 0.090580 

C,2,400,Algoritmo_3, 0.090034 

C,2,400,Algoritmo_3, 0.088758 

C,2,400,Algoritmo_3, 0.089858 

C,2,400,Algoritmo_3, 0.090929 

C,2,400,Algoritmo_3, 0.089901 

C,2,400,Algoritmo_3, 0.090105 

C,2,400,Algoritmo_3, 0.090173 

C,2,400,Algoritmo_3, 0.089457 

C,2,400,Algoritmo_3, 0.090071 

C,2,400,Algoritmo_3, 0.089054 

C,2,400,Algoritmo_3, 0.089627 

C,2,400,Algoritmo_3, 0.089129 

C,2,400,Algoritmo_3, 0.090340 

C,2,400,Algoritmo_3, 0.089383 

C,2,400,Algoritmo_3, 0.087965 

C,2,400,Algoritmo_3, 0.089761 

C,2,400,Algoritmo_3, 0.090194 

C,2,400,Algoritmo_3, 0.089186 

C,2,400,Algoritmo_3, 0.093477 

C,2,400,Algoritmo_3, 0.090046 

C,2,400,Algoritmo_3, 0.090873 

C,2,400,Algoritmo_3, 0.090127 

C,2,400,Algoritmo_3, 0.089822 

C,2,400,Algoritmo_3, 0.089661 

C,2,400,Algoritmo_3, 0.090687 

C,2,400,Algoritmo_3, 0.091850 

C,2,400,Algoritmo_3, 0.092367 

C,2,400,Algoritmo_3, 0.089931 

C,2,400,Algoritmo_3, 0.092241 

C,2,400,Algoritmo_3, 0.089601 

C,2,400,Algoritmo_3, 0.092187 

C,2,400,Algoritmo_3, 0.089728 

C,2,400,Algoritmo_3, 0.090123 

C,2,400,Algoritmo_3, 0.088897 

C,4,400,Algoritmo_3, 0.050622 

C,4,400,Algoritmo_3, 0.049817 

C,4,400,Algoritmo_3, 0.049513 

C,4,400,Algoritmo_3, 0.049899 

C,4,400,Algoritmo_3, 0.049458 

C,4,400,Algoritmo_3, 0.049558 

C,4,400,Algoritmo_3, 0.049665 

C,4,400,Algoritmo_3, 0.050516 

C,4,400,Algoritmo_3, 0.049569 

C,4,400,Algoritmo_3, 0.049727 

C,4,400,Algoritmo_3, 0.049435 

C,4,400,Algoritmo_3, 0.049616 

C,4,400,Algoritmo_3, 0.049523 

C,4,400,Algoritmo_3, 0.050319 

C,4,400,Algoritmo_3, 0.053942 

C,4,400,Algoritmo_3, 0.050100 

C,4,400,Algoritmo_3, 0.049650 

C,4,400,Algoritmo_3, 0.049882 

C,4,400,Algoritmo_3, 0.050096 

C,4,400,Algoritmo_3, 0.052230 

C,4,400,Algoritmo_3, 0.049996 

C,4,400,Algoritmo_3, 0.052851 

C,4,400,Algoritmo_3, 0.050107 

C,4,400,Algoritmo_3, 0.049653 

C,4,400,Algoritmo_3, 0.049478 

C,4,400,Algoritmo_3, 0.049951 

C,4,400,Algoritmo_3, 0.049574 

C,4,400,Algoritmo_3, 0.051908 

C,4,400,Algoritmo_3, 0.049425 

C,4,400,Algoritmo_3, 0.050292 

C,4,400,Algoritmo_3, 0.049908 

C,4,400,Algoritmo_3, 0.050436 

C,4,400,Algoritmo_3, 0.049451 

C,4,400,Algoritmo_3, 0.050026 

C,4,400,Algoritmo_3, 0.049391 

C,4,400,Algoritmo_3, 0.049828 

C,8,400,Algoritmo_3, 0.048099 

C,8,400,Algoritmo_3, 0.047965 

C,8,400,Algoritmo_3, 0.047871 

C,8,400,Algoritmo_3, 0.047669 

C,8,400,Algoritmo_3, 0.048188 

C,8,400,Algoritmo_3, 0.048551 

C,8,400,Algoritmo_3, 0.048035 

C,8,400,Algoritmo_3, 0.047610 

C,8,400,Algoritmo_3, 0.048063 

C,8,400,Algoritmo_3, 0.047961 

C,8,400,Algoritmo_3, 0.047779 

C,8,400,Algoritmo_3, 0.048088 

C,8,400,Algoritmo_3, 0.047899 

C,8,400,Algoritmo_3, 0.049409 

C,8,400,Algoritmo_3, 0.047874 

C,8,400,Algoritmo_3, 0.047913 

C,8,400,Algoritmo_3, 0.047900 

C,8,400,Algoritmo_3, 0.048013 

C,8,400,Algoritmo_3, 0.048293 

C,8,400,Algoritmo_3, 0.047813 

C,8,400,Algoritmo_3, 0.048128 

C,8,400,Algoritmo_3, 0.048976 

C,8,400,Algoritmo_3, 0.049657 

C,8,400,Algoritmo_3, 0.047762 

C,8,400,Algoritmo_3, 0.049871 

C,8,400,Algoritmo_3, 0.049654 

C,8,400,Algoritmo_3, 0.049073 

C,8,400,Algoritmo_3, 0.048253 

C,8,400,Algoritmo_3, 0.047937 

C,8,400,Algoritmo_3, 0.047906 

C,8,400,Algoritmo_3, 0.047641 

C,8,400,Algoritmo_3, 0.055010 

C,8,400,Algoritmo_3, 0.047637 

C,8,400,Algoritmo_3, 0.048888 

C,8,400,Algoritmo_3, 0.048127 

C,8,400,Algoritmo_3, 0.048446 

C,1,1000,Algoritmo_1, 3.523578 

C,1,1000,Algoritmo_1, 3.403636 

C,1,1000,Algoritmo_1, 3.436202 

C,1,1000,Algoritmo_1, 3.535232 

C,1,1000,Algoritmo_1, 3.414783 

C,1,1000,Algoritmo_1, 3.392913 

C,1,1000,Algoritmo_1, 3.293210 

C,1,1000,Algoritmo_1, 3.479086 

C,1,1000,Algoritmo_1, 3.347558 

C,1,1000,Algoritmo_1, 3.454084 

C,1,1000,Algoritmo_1, 3.334925 

C,1,1000,Algoritmo_1, 3.517054 

C,1,1000,Algoritmo_1, 3.425025 

C,1,1000,Algoritmo_1, 3.413367 

C,1,1000,Algoritmo_1, 3.567301 

C,1,1000,Algoritmo_1, 3.386826 

C,1,1000,Algoritmo_1, 3.414085 

C,1,1000,Algoritmo_1, 3.543783 

C,1,1000,Algoritmo_1, 3.450755 

C,1,1000,Algoritmo_1, 3.460918 

C,1,1000,Algoritmo_1, 3.410238 

C,1,1000,Algoritmo_1, 3.429538 

C,1,1000,Algoritmo_1, 3.440198 

C,1,1000,Algoritmo_1, 3.484825 

C,1,1000,Algoritmo_1, 3.523594 

C,1,1000,Algoritmo_1, 3.539678 

C,1,1000,Algoritmo_1, 3.560168 

C,1,1000,Algoritmo_1, 3.473490 

C,1,1000,Algoritmo_1, 3.533096 

C,1,1000,Algoritmo_1, 3.391979 

C,1,1000,Algoritmo_1, 3.564659 

C,1,1000,Algoritmo_1, 3.461874 

C,1,1000,Algoritmo_1, 3.558262 

C,1,1000,Algoritmo_1, 3.418314 

C,1,1000,Algoritmo_1, 3.431407 

C,1,1000,Algoritmo_1, 3.443486 

C,2,1000,Algoritmo_1, 1.859478 

C,2,1000,Algoritmo_1, 1.819467 

C,2,1000,Algoritmo_1, 1.878038 

C,2,1000,Algoritmo_1, 1.848255 

C,2,1000,Algoritmo_1, 1.868688 

C,2,1000,Algoritmo_1, 1.867222 

C,2,1000,Algoritmo_1, 1.833710 

C,2,1000,Algoritmo_1, 1.877081 

C,2,1000,Algoritmo_1, 1.822657 

C,2,1000,Algoritmo_1, 1.809707 

C,2,1000,Algoritmo_1, 1.791929 

C,2,1000,Algoritmo_1, 1.823428 

C,2,1000,Algoritmo_1, 1.888832 

C,2,1000,Algoritmo_1, 1.819941 

C,2,1000,Algoritmo_1, 1.862864 

C,2,1000,Algoritmo_1, 1.865308 

C,2,1000,Algoritmo_1, 1.961973 

C,2,1000,Algoritmo_1, 1.940048 

C,2,1000,Algoritmo_1, 1.852930 

C,2,1000,Algoritmo_1, 1.849510 

C,2,1000,Algoritmo_1, 1.850534 

C,2,1000,Algoritmo_1, 1.854238 

C,2,1000,Algoritmo_1, 1.831135 

C,2,1000,Algoritmo_1, 1.843690 

C,2,1000,Algoritmo_1, 1.870976 

C,2,1000,Algoritmo_1, 1.802083 

C,2,1000,Algoritmo_1, 1.853309 

C,2,1000,Algoritmo_1, 1.838781 

C,2,1000,Algoritmo_1, 1.928104 

C,2,1000,Algoritmo_1, 1.863281 

C,2,1000,Algoritmo_1, 1.865847 

C,2,1000,Algoritmo_1, 1.828868 

C,2,1000,Algoritmo_1, 1.888461 

C,2,1000,Algoritmo_1, 1.807100 

C,2,1000,Algoritmo_1, 1.854049 

C,2,1000,Algoritmo_1, 1.820060 

C,4,1000,Algoritmo_1, 0.829139 

C,4,1000,Algoritmo_1, 0.839599 

C,4,1000,Algoritmo_1, 0.849318 

C,4,1000,Algoritmo_1, 0.848890 

C,4,1000,Algoritmo_1, 0.839850 

C,4,1000,Algoritmo_1, 0.822811 

C,4,1000,Algoritmo_1, 0.823331 

C,4,1000,Algoritmo_1, 0.841983 

C,4,1000,Algoritmo_1, 0.816554 

C,4,1000,Algoritmo_1, 0.835736 

C,4,1000,Algoritmo_1, 0.843075 

C,4,1000,Algoritmo_1, 0.825365 

C,4,1000,Algoritmo_1, 0.834172 

C,4,1000,Algoritmo_1, 0.827165 

C,4,1000,Algoritmo_1, 0.829149 

C,4,1000,Algoritmo_1, 0.842582 

C,4,1000,Algoritmo_1, 0.825241 

C,4,1000,Algoritmo_1, 0.830004 

C,4,1000,Algoritmo_1, 0.857753 

C,4,1000,Algoritmo_1, 0.837068 

C,4,1000,Algoritmo_1, 0.839738 

C,4,1000,Algoritmo_1, 0.820729 

C,4,1000,Algoritmo_1, 0.810919 

C,4,1000,Algoritmo_1, 0.822735 

C,4,1000,Algoritmo_1, 0.843391 

C,4,1000,Algoritmo_1, 0.835928 

C,4,1000,Algoritmo_1, 0.840469 

C,4,1000,Algoritmo_1, 0.817984 

C,4,1000,Algoritmo_1, 0.827502 

C,4,1000,Algoritmo_1, 0.827456 

C,4,1000,Algoritmo_1, 0.819179 

C,4,1000,Algoritmo_1, 0.845639 

C,4,1000,Algoritmo_1, 0.814714 

C,4,1000,Algoritmo_1, 0.810198 

C,4,1000,Algoritmo_1, 0.815026 

C,4,1000,Algoritmo_1, 0.838781 

C,8,1000,Algoritmo_1, 0.877683 

C,8,1000,Algoritmo_1, 0.873068 

C,8,1000,Algoritmo_1, 0.874522 

C,8,1000,Algoritmo_1, 0.880449 

C,8,1000,Algoritmo_1, 0.876092 

C,8,1000,Algoritmo_1, 0.868919 

C,8,1000,Algoritmo_1, 0.876499 

C,8,1000,Algoritmo_1, 0.870052 

C,8,1000,Algoritmo_1, 0.874026 

C,8,1000,Algoritmo_1, 0.876881 

C,8,1000,Algoritmo_1, 0.868559 

C,8,1000,Algoritmo_1, 0.881282 

C,8,1000,Algoritmo_1, 0.874097 

C,8,1000,Algoritmo_1, 0.886928 

C,8,1000,Algoritmo_1, 0.886816 

C,8,1000,Algoritmo_1, 0.891068 

C,8,1000,Algoritmo_1, 0.886023 

C,8,1000,Algoritmo_1, 0.878459 

C,8,1000,Algoritmo_1, 0.870493 

C,8,1000,Algoritmo_1, 0.893119 

C,8,1000,Algoritmo_1, 0.878616 

C,8,1000,Algoritmo_1, 0.878182 

C,8,1000,Algoritmo_1, 0.878715 

C,8,1000,Algoritmo_1, 0.872816 

C,8,1000,Algoritmo_1, 0.877454 

C,8,1000,Algoritmo_1, 0.880545 

C,8,1000,Algoritmo_1, 0.873256 

C,8,1000,Algoritmo_1, 0.881129 

C,8,1000,Algoritmo_1, 0.878659 

C,8,1000,Algoritmo_1, 0.878238 

C,8,1000,Algoritmo_1, 0.869561 

C,8,1000,Algoritmo_1, 0.878538 

C,8,1000,Algoritmo_1, 0.871172 

C,8,1000,Algoritmo_1, 0.868862 

C,8,1000,Algoritmo_1, 0.870389 

C,8,1000,Algoritmo_1, 0.867870 

C,1,1000,Algoritmo_2, 2.548709 

C,1,1000,Algoritmo_2, 2.403875 

C,1,1000,Algoritmo_2, 2.538198 

C,1,1000,Algoritmo_2, 2.451303 

C,1,1000,Algoritmo_2, 2.219034 

C,1,1000,Algoritmo_2, 2.222942 

C,1,1000,Algoritmo_2, 2.222434 

C,1,1000,Algoritmo_2, 2.220755 

C,1,1000,Algoritmo_2, 2.222703 

C,1,1000,Algoritmo_2, 2.231654 

C,1,1000,Algoritmo_2, 2.224791 

C,1,1000,Algoritmo_2, 2.228476 

C,1,1000,Algoritmo_2, 2.218363 

C,1,1000,Algoritmo_2, 2.510344 

C,1,1000,Algoritmo_2, 2.224072 

C,1,1000,Algoritmo_2, 2.224954 

C,1,1000,Algoritmo_2, 2.221057 

C,1,1000,Algoritmo_2, 2.215870 

C,1,1000,Algoritmo_2, 2.333515 

C,1,1000,Algoritmo_2, 2.526057 

C,1,1000,Algoritmo_2, 2.523772 

C,1,1000,Algoritmo_2, 2.505625 

C,1,1000,Algoritmo_2, 2.217811 

C,1,1000,Algoritmo_2, 2.367343 

C,1,1000,Algoritmo_2, 2.537518 

C,1,1000,Algoritmo_2, 2.536106 

C,1,1000,Algoritmo_2, 2.524788 

C,1,1000,Algoritmo_2, 2.531091 

C,1,1000,Algoritmo_2, 2.525446 

C,1,1000,Algoritmo_2, 2.237635 

C,1,1000,Algoritmo_2, 2.224188 

C,1,1000,Algoritmo_2, 2.222930 

C,1,1000,Algoritmo_2, 2.229036 

C,1,1000,Algoritmo_2, 2.228884 

C,1,1000,Algoritmo_2, 2.223750 

C,1,1000,Algoritmo_2, 2.221179 

C,2,1000,Algoritmo_2, 1.128086 

C,2,1000,Algoritmo_2, 1.304403 

C,2,1000,Algoritmo_2, 1.132691 

C,2,1000,Algoritmo_2, 1.127459 

C,2,1000,Algoritmo_2, 1.176519 

C,2,1000,Algoritmo_2, 1.137610 

C,2,1000,Algoritmo_2, 1.124531 

C,2,1000,Algoritmo_2, 1.127614 

C,2,1000,Algoritmo_2, 1.125569 

C,2,1000,Algoritmo_2, 1.144729 

C,2,1000,Algoritmo_2, 1.136475 

C,2,1000,Algoritmo_2, 1.122086 

C,2,1000,Algoritmo_2, 1.140409 

C,2,1000,Algoritmo_2, 1.134704 

C,2,1000,Algoritmo_2, 1.307272 

C,2,1000,Algoritmo_2, 1.144487 

C,2,1000,Algoritmo_2, 1.133461 

C,2,1000,Algoritmo_2, 1.129664 

C,2,1000,Algoritmo_2, 1.138551 

C,2,1000,Algoritmo_2, 1.305425 

C,2,1000,Algoritmo_2, 1.129931 

C,2,1000,Algoritmo_2, 1.125586 

C,2,1000,Algoritmo_2, 1.126489 

C,2,1000,Algoritmo_2, 1.122703 

C,2,1000,Algoritmo_2, 1.135442 

C,2,1000,Algoritmo_2, 1.134690 

C,2,1000,Algoritmo_2, 1.129025 

C,2,1000,Algoritmo_2, 1.134778 

C,2,1000,Algoritmo_2, 1.126012 

C,2,1000,Algoritmo_2, 1.129908 

C,2,1000,Algoritmo_2, 1.134945 

C,2,1000,Algoritmo_2, 1.135348 

C,2,1000,Algoritmo_2, 1.126162 

C,2,1000,Algoritmo_2, 1.131401 

C,2,1000,Algoritmo_2, 1.127384 

C,2,1000,Algoritmo_2, 1.152820 

C,4,1000,Algoritmo_2, 0.563681 

C,4,1000,Algoritmo_2, 0.563194 

C,4,1000,Algoritmo_2, 0.561693 

C,4,1000,Algoritmo_2, 0.562321 

C,4,1000,Algoritmo_2, 0.564339 

C,4,1000,Algoritmo_2, 0.563041 

C,4,1000,Algoritmo_2, 0.563641 

C,4,1000,Algoritmo_2, 0.564006 

C,4,1000,Algoritmo_2, 0.562181 

C,4,1000,Algoritmo_2, 0.566459 

C,4,1000,Algoritmo_2, 0.564303 

C,4,1000,Algoritmo_2, 0.561568 

C,4,1000,Algoritmo_2, 0.563105 

C,4,1000,Algoritmo_2, 0.563023 

C,4,1000,Algoritmo_2, 0.564624 

C,4,1000,Algoritmo_2, 0.564176 

C,4,1000,Algoritmo_2, 0.562355 

C,4,1000,Algoritmo_2, 0.565296 

C,4,1000,Algoritmo_2, 0.562697 

C,4,1000,Algoritmo_2, 0.564848 

C,4,1000,Algoritmo_2, 0.563061 

C,4,1000,Algoritmo_2, 0.562290 

C,4,1000,Algoritmo_2, 0.562743 

C,4,1000,Algoritmo_2, 0.564882 

C,4,1000,Algoritmo_2, 0.563780 

C,4,1000,Algoritmo_2, 0.565310 

C,4,1000,Algoritmo_2, 0.562526 

C,4,1000,Algoritmo_2, 0.563469 

C,4,1000,Algoritmo_2, 0.562688 

C,4,1000,Algoritmo_2, 0.564987 

C,4,1000,Algoritmo_2, 0.562518 

C,4,1000,Algoritmo_2, 0.562998 

C,4,1000,Algoritmo_2, 0.565079 

C,4,1000,Algoritmo_2, 0.563178 

C,4,1000,Algoritmo_2, 0.567023 

C,4,1000,Algoritmo_2, 0.562774 

C,8,1000,Algoritmo_2, 0.465437 

C,8,1000,Algoritmo_2, 0.466701 

C,8,1000,Algoritmo_2, 0.464984 

C,8,1000,Algoritmo_2, 0.465843 

C,8,1000,Algoritmo_2, 0.472594 

C,8,1000,Algoritmo_2, 0.465633 

C,8,1000,Algoritmo_2, 0.472414 

C,8,1000,Algoritmo_2, 0.465654 

C,8,1000,Algoritmo_2, 0.466084 

C,8,1000,Algoritmo_2, 0.473118 

C,8,1000,Algoritmo_2, 0.468407 

C,8,1000,Algoritmo_2, 0.465741 

C,8,1000,Algoritmo_2, 0.465714 

C,8,1000,Algoritmo_2, 0.465943 

C,8,1000,Algoritmo_2, 0.465568 

C,8,1000,Algoritmo_2, 0.464655 

C,8,1000,Algoritmo_2, 0.471902 

C,8,1000,Algoritmo_2, 0.465856 

C,8,1000,Algoritmo_2, 0.473341 

C,8,1000,Algoritmo_2, 0.467784 

C,8,1000,Algoritmo_2, 0.465833 

C,8,1000,Algoritmo_2, 0.466448 

C,8,1000,Algoritmo_2, 0.465724 

C,8,1000,Algoritmo_2, 0.465205 

C,8,1000,Algoritmo_2, 0.465961 

C,8,1000,Algoritmo_2, 0.465842 

C,8,1000,Algoritmo_2, 0.466322 

C,8,1000,Algoritmo_2, 0.465473 

C,8,1000,Algoritmo_2, 0.465865 

C,8,1000,Algoritmo_2, 0.466872 

C,8,1000,Algoritmo_2, 0.471829 

C,8,1000,Algoritmo_2, 0.465222 

C,8,1000,Algoritmo_2, 0.467001 

C,8,1000,Algoritmo_2, 0.464499 

C,8,1000,Algoritmo_2, 0.465338 

C,8,1000,Algoritmo_2, 0.468924 

C,1,1000,Algoritmo_3, 4.216213 

C,1,1000,Algoritmo_3, 4.143101 

C,1,1000,Algoritmo_3, 4.184511 

C,1,1000,Algoritmo_3, 4.169127 

C,1,1000,Algoritmo_3, 4.193258 

C,1,1000,Algoritmo_3, 4.211961 

C,1,1000,Algoritmo_3, 4.146081 

C,1,1000,Algoritmo_3, 4.239576 

C,1,1000,Algoritmo_3, 4.469711 

C,1,1000,Algoritmo_3, 4.698771 

C,1,1000,Algoritmo_3, 4.353879 

C,1,1000,Algoritmo_3, 4.342926 

C,1,1000,Algoritmo_3, 4.066740 

C,1,1000,Algoritmo_3, 4.139455 

C,1,1000,Algoritmo_3, 4.201973 

C,1,1000,Algoritmo_3, 4.110041 

C,1,1000,Algoritmo_3, 4.128483 

C,1,1000,Algoritmo_3, 4.154650 

C,1,1000,Algoritmo_3, 4.291829 

C,1,1000,Algoritmo_3, 4.237465 

C,1,1000,Algoritmo_3, 4.199692 

C,1,1000,Algoritmo_3, 4.126856 

C,1,1000,Algoritmo_3, 4.182740 

C,1,1000,Algoritmo_3, 4.174576 

C,1,1000,Algoritmo_3, 4.211985 

C,1,1000,Algoritmo_3, 4.184655 

C,1,1000,Algoritmo_3, 4.255346 

C,1,1000,Algoritmo_3, 4.273289 

C,1,1000,Algoritmo_3, 4.152092 

C,1,1000,Algoritmo_3, 4.206964 

C,1,1000,Algoritmo_3, 4.129787 

C,1,1000,Algoritmo_3, 4.127957 

C,1,1000,Algoritmo_3, 4.156336 

C,1,1000,Algoritmo_3, 4.165164 

C,1,1000,Algoritmo_3, 4.351611 

C,1,1000,Algoritmo_3, 4.269225 

C,2,1000,Algoritmo_3, 2.282999 

C,2,1000,Algoritmo_3, 2.227050 

C,2,1000,Algoritmo_3, 2.237300 

C,2,1000,Algoritmo_3, 2.215688 

C,2,1000,Algoritmo_3, 2.256485 

C,2,1000,Algoritmo_3, 2.295516 

C,2,1000,Algoritmo_3, 2.280337 

C,2,1000,Algoritmo_3, 2.213559 

C,2,1000,Algoritmo_3, 2.227492 

C,2,1000,Algoritmo_3, 2.253895 

C,2,1000,Algoritmo_3, 2.209498 

C,2,1000,Algoritmo_3, 2.213114 

C,2,1000,Algoritmo_3, 2.279220 

C,2,1000,Algoritmo_3, 2.281883 

C,2,1000,Algoritmo_3, 2.258656 

C,2,1000,Algoritmo_3, 2.169922 

C,2,1000,Algoritmo_3, 2.213926 

C,2,1000,Algoritmo_3, 2.251819 

C,2,1000,Algoritmo_3, 2.203092 

C,2,1000,Algoritmo_3, 2.264581 

C,2,1000,Algoritmo_3, 2.251704 

C,2,1000,Algoritmo_3, 2.300441 

C,2,1000,Algoritmo_3, 2.173520 

C,2,1000,Algoritmo_3, 2.249675 

C,2,1000,Algoritmo_3, 2.241691 

C,2,1000,Algoritmo_3, 2.259317 

C,2,1000,Algoritmo_3, 2.244333 

C,2,1000,Algoritmo_3, 2.285028 

C,2,1000,Algoritmo_3, 2.231648 

C,2,1000,Algoritmo_3, 2.248999 

C,2,1000,Algoritmo_3, 2.240260 

C,2,1000,Algoritmo_3, 2.271686 

C,2,1000,Algoritmo_3, 2.231326 

C,2,1000,Algoritmo_3, 2.232285 

C,2,1000,Algoritmo_3, 2.220357 

C,2,1000,Algoritmo_3, 2.209456 

C,4,1000,Algoritmo_3, 0.987606 

C,4,1000,Algoritmo_3, 0.988760 

C,4,1000,Algoritmo_3, 0.995494 

C,4,1000,Algoritmo_3, 0.997294 

C,4,1000,Algoritmo_3, 0.985613 

C,4,1000,Algoritmo_3, 0.988004 

C,4,1000,Algoritmo_3, 0.997647 

C,4,1000,Algoritmo_3, 0.988771 

C,4,1000,Algoritmo_3, 0.985080 

C,4,1000,Algoritmo_3, 0.987910 

C,4,1000,Algoritmo_3, 0.982993 

C,4,1000,Algoritmo_3, 1.001443 

C,4,1000,Algoritmo_3, 0.991667 

C,4,1000,Algoritmo_3, 1.010365 

C,4,1000,Algoritmo_3, 0.996527 

C,4,1000,Algoritmo_3, 0.983834 

C,4,1000,Algoritmo_3, 0.995132 

C,4,1000,Algoritmo_3, 1.001143 

C,4,1000,Algoritmo_3, 0.983133 

C,4,1000,Algoritmo_3, 1.009013 

C,4,1000,Algoritmo_3, 0.966543 

C,4,1000,Algoritmo_3, 0.994833 

C,4,1000,Algoritmo_3, 0.973421 

C,4,1000,Algoritmo_3, 0.976610 

C,4,1000,Algoritmo_3, 0.960686 

C,4,1000,Algoritmo_3, 0.982333 

C,4,1000,Algoritmo_3, 0.997077 

C,4,1000,Algoritmo_3, 0.998592 

C,4,1000,Algoritmo_3, 0.991429 

C,4,1000,Algoritmo_3, 1.005776 

C,4,1000,Algoritmo_3, 0.990238 

C,4,1000,Algoritmo_3, 0.999626 

C,4,1000,Algoritmo_3, 0.999695 

C,4,1000,Algoritmo_3, 0.982674 

C,4,1000,Algoritmo_3, 0.991837 

C,4,1000,Algoritmo_3, 1.002253 

C,8,1000,Algoritmo_3, 1.018862 

C,8,1000,Algoritmo_3, 1.040217 

C,8,1000,Algoritmo_3, 1.017853 

C,8,1000,Algoritmo_3, 1.010886 

C,8,1000,Algoritmo_3, 1.026844 

C,8,1000,Algoritmo_3, 1.011104 

C,8,1000,Algoritmo_3, 1.022353 

C,8,1000,Algoritmo_3, 1.003661 

C,8,1000,Algoritmo_3, 1.028349 

C,8,1000,Algoritmo_3, 1.013369 

C,8,1000,Algoritmo_3, 1.038048 

C,8,1000,Algoritmo_3, 1.024263 

C,8,1000,Algoritmo_3, 1.035607 

C,8,1000,Algoritmo_3, 1.023432 

C,8,1000,Algoritmo_3, 1.021393 

C,8,1000,Algoritmo_3, 1.021632 

C,8,1000,Algoritmo_3, 1.006624 

C,8,1000,Algoritmo_3, 1.025973 

C,8,1000,Algoritmo_3, 1.021108 

C,8,1000,Algoritmo_3, 1.024970 

C,8,1000,Algoritmo_3, 1.017642 

C,8,1000,Algoritmo_3, 1.011371 

C,8,1000,Algoritmo_3, 1.012020 

C,8,1000,Algoritmo_3, 1.018091 

C,8,1000,Algoritmo_3, 1.012073 

C,8,1000,Algoritmo_3, 1.022323 

C,8,1000,Algoritmo_3, 1.028218 

C,8,1000,Algoritmo_3, 1.018383 

C,8,1000,Algoritmo_3, 1.022745 

C,8,1000,Algoritmo_3, 1.007926 

C,8,1000,Algoritmo_3, 1.031323 

C,8,1000,Algoritmo_3, 1.023226 

C,8,1000,Algoritmo_3, 1.019581 

C,8,1000,Algoritmo_3, 1.021548 

C,8,1000,Algoritmo_3, 1.017246 

C,8,1000,Algoritmo_3, 1.022631 

C,1,2000,Algoritmo_1, 41.867953 

C,1,2000,Algoritmo_1, 41.714928 

C,1,2000,Algoritmo_1, 41.996092 

C,1,2000,Algoritmo_1, 41.885394 

C,1,2000,Algoritmo_1, 41.978776 

C,1,2000,Algoritmo_1, 42.286739 

C,1,2000,Algoritmo_1, 41.712525 

C,1,2000,Algoritmo_1, 42.102939 

C,1,2000,Algoritmo_1, 42.068128 

C,1,2000,Algoritmo_1, 41.915460 

C,1,2000,Algoritmo_1, 42.336895 

C,1,2000,Algoritmo_1, 41.832407 

C,1,2000,Algoritmo_1, 41.948363 

C,1,2000,Algoritmo_1, 41.663395 

C,1,2000,Algoritmo_1, 42.433584 

C,1,2000,Algoritmo_1, 41.832217 

C,1,2000,Algoritmo_1, 42.002679 

C,1,2000,Algoritmo_1, 41.664792 

C,1,2000,Algoritmo_1, 42.047319 

C,1,2000,Algoritmo_1, 41.892303 

C,1,2000,Algoritmo_1, 41.785923 

C,1,2000,Algoritmo_1, 41.970618 

C,1,2000,Algoritmo_1, 41.567408 

C,1,2000,Algoritmo_1, 41.757323 

C,1,2000,Algoritmo_1, 41.605311 

C,1,2000,Algoritmo_1, 41.647751 

C,1,2000,Algoritmo_1, 42.078283 

C,1,2000,Algoritmo_1, 42.185281 

C,1,2000,Algoritmo_1, 41.803803 

C,1,2000,Algoritmo_1, 42.112851 

C,1,2000,Algoritmo_1, 42.077585 

C,1,2000,Algoritmo_1, 41.801654 

C,1,2000,Algoritmo_1, 41.890723 

C,1,2000,Algoritmo_1, 41.783524 

C,1,2000,Algoritmo_1, 42.559434 

C,1,2000,Algoritmo_1, 41.693885 

C,2,2000,Algoritmo_1, 18.838431 

C,2,2000,Algoritmo_1, 19.206788 

C,2,2000,Algoritmo_1, 20.244136 

C,2,2000,Algoritmo_1, 20.107052 

C,2,2000,Algoritmo_1, 18.807222 

C,2,2000,Algoritmo_1, 18.320742 

C,2,2000,Algoritmo_1, 20.053736 

C,2,2000,Algoritmo_1, 19.503050 

C,2,2000,Algoritmo_1, 18.651199 

C,2,2000,Algoritmo_1, 19.653510 

C,2,2000,Algoritmo_1, 19.519361 

C,2,2000,Algoritmo_1, 19.336038 

C,2,2000,Algoritmo_1, 18.663894 

C,2,2000,Algoritmo_1, 19.207447 

C,2,2000,Algoritmo_1, 19.861305 

C,2,2000,Algoritmo_1, 19.412452 

C,2,2000,Algoritmo_1, 20.212307 

C,2,2000,Algoritmo_1, 19.353385 

C,2,2000,Algoritmo_1, 19.190143 

C,2,2000,Algoritmo_1, 18.942228 

C,2,2000,Algoritmo_1, 19.493750 

C,2,2000,Algoritmo_1, 19.526711 

C,2,2000,Algoritmo_1, 19.127436 

C,2,2000,Algoritmo_1, 19.434441 

C,2,2000,Algoritmo_1, 19.409438 

C,2,2000,Algoritmo_1, 19.579712 

C,2,2000,Algoritmo_1, 19.099843 

C,2,2000,Algoritmo_1, 19.651060 

C,2,2000,Algoritmo_1, 19.180401 

C,2,2000,Algoritmo_1, 19.250872 

C,2,2000,Algoritmo_1, 19.359695 

C,2,2000,Algoritmo_1, 19.205144 

C,2,2000,Algoritmo_1, 19.114903 

C,2,2000,Algoritmo_1, 19.301389 

C,2,2000,Algoritmo_1, 18.517336 

C,2,2000,Algoritmo_1, 20.368850 

C,4,2000,Algoritmo_1, 8.858474 

C,4,2000,Algoritmo_1, 8.928448 

C,4,2000,Algoritmo_1, 8.915831 

C,4,2000,Algoritmo_1, 8.880124 

C,4,2000,Algoritmo_1, 8.999591 

C,4,2000,Algoritmo_1, 8.987440 

C,4,2000,Algoritmo_1, 8.946883 

C,4,2000,Algoritmo_1, 8.976854 

C,4,2000,Algoritmo_1, 8.977004 

C,4,2000,Algoritmo_1, 9.219721 

C,4,2000,Algoritmo_1, 8.919645 

C,4,2000,Algoritmo_1, 8.977517 

C,4,2000,Algoritmo_1, 8.889464 

C,4,2000,Algoritmo_1, 8.977517 

C,4,2000,Algoritmo_1, 8.912895 

C,4,2000,Algoritmo_1, 9.376464 

C,4,2000,Algoritmo_1, 8.969355 

C,4,2000,Algoritmo_1, 8.961893 

C,4,2000,Algoritmo_1, 8.937854 

C,4,2000,Algoritmo_1, 8.886238 

C,4,2000,Algoritmo_1, 8.913190 

C,4,2000,Algoritmo_1, 8.875245 

C,4,2000,Algoritmo_1, 8.946068 

C,4,2000,Algoritmo_1, 8.995982 

C,4,2000,Algoritmo_1, 8.982210 

C,4,2000,Algoritmo_1, 8.960809 

C,4,2000,Algoritmo_1, 9.777045 

C,4,2000,Algoritmo_1, 8.877358 

C,4,2000,Algoritmo_1, 8.956514 

C,4,2000,Algoritmo_1, 8.975697 

C,4,2000,Algoritmo_1, 8.911448 

C,4,2000,Algoritmo_1, 8.948311 

C,4,2000,Algoritmo_1, 8.906849 

C,4,2000,Algoritmo_1, 9.177662 

C,4,2000,Algoritmo_1, 8.948466 

C,4,2000,Algoritmo_1, 8.901924 

C,8,2000,Algoritmo_1, 9.096019 

C,8,2000,Algoritmo_1, 9.263147 

C,8,2000,Algoritmo_1, 9.573748 

C,8,2000,Algoritmo_1, 8.949740 

C,8,2000,Algoritmo_1, 9.144914 

C,8,2000,Algoritmo_1, 9.245766 

C,8,2000,Algoritmo_1, 9.075077 

C,8,2000,Algoritmo_1, 9.149085 

C,8,2000,Algoritmo_1, 9.282991 

C,8,2000,Algoritmo_1, 9.502314 

C,8,2000,Algoritmo_1, 8.867629 

C,8,2000,Algoritmo_1, 8.949142 

C,8,2000,Algoritmo_1, 9.125768 

C,8,2000,Algoritmo_1, 13.966770 

C,8,2000,Algoritmo_1, 10.520554 

C,8,2000,Algoritmo_1, 10.319887 

C,8,2000,Algoritmo_1, 10.195844 

C,8,2000,Algoritmo_1, 9.470086 

C,8,2000,Algoritmo_1, 9.529444 

C,8,2000,Algoritmo_1, 8.912855 

C,8,2000,Algoritmo_1, 9.583376 

C,8,2000,Algoritmo_1, 9.586457 

C,8,2000,Algoritmo_1, 9.384794 

C,8,2000,Algoritmo_1, 9.029342 

C,8,2000,Algoritmo_1, 9.264487 

C,8,2000,Algoritmo_1, 9.510569 

C,8,2000,Algoritmo_1, 9.314620 

C,8,2000,Algoritmo_1, 9.453408 

C,8,2000,Algoritmo_1, 8.989220 

C,8,2000,Algoritmo_1, 9.000109 

C,8,2000,Algoritmo_1, 9.271667 

C,8,2000,Algoritmo_1, 9.243282 

C,8,2000,Algoritmo_1, 9.046054 

C,8,2000,Algoritmo_1, 9.030730 

C,8,2000,Algoritmo_1, 9.359662 

C,8,2000,Algoritmo_1, 9.008492 

C,1,2000,Algoritmo_2, 21.226883 

C,1,2000,Algoritmo_2, 20.989755 

C,1,2000,Algoritmo_2, 20.317595 

C,1,2000,Algoritmo_2, 20.416898 

C,1,2000,Algoritmo_2, 21.020933 

C,1,2000,Algoritmo_2, 20.831895 

C,1,2000,Algoritmo_2, 20.930273 

C,1,2000,Algoritmo_2, 20.391912 

C,1,2000,Algoritmo_2, 21.173917 

C,1,2000,Algoritmo_2, 21.286008 

C,1,2000,Algoritmo_2, 20.671100 

C,1,2000,Algoritmo_2, 20.968615 

C,1,2000,Algoritmo_2, 20.818778 

C,1,2000,Algoritmo_2, 20.758873 

C,1,2000,Algoritmo_2, 20.834066 

C,1,2000,Algoritmo_2, 21.170716 

C,1,2000,Algoritmo_2, 20.701250 

C,1,2000,Algoritmo_2, 21.234814 

C,1,2000,Algoritmo_2, 20.311271 

C,1,2000,Algoritmo_2, 20.120024 

C,1,2000,Algoritmo_2, 20.403902 

C,1,2000,Algoritmo_2, 19.784314 

C,1,2000,Algoritmo_2, 20.544868 

C,1,2000,Algoritmo_2, 21.204391 

C,1,2000,Algoritmo_2, 21.048839 

C,1,2000,Algoritmo_2, 20.476065 

C,1,2000,Algoritmo_2, 21.270307 

C,1,2000,Algoritmo_2, 19.746293 

C,1,2000,Algoritmo_2, 21.233657 

C,1,2000,Algoritmo_2, 19.854906 

C,1,2000,Algoritmo_2, 20.628270 

C,1,2000,Algoritmo_2, 20.031931 

C,1,2000,Algoritmo_2, 21.215134 

C,1,2000,Algoritmo_2, 19.311127 

C,1,2000,Algoritmo_2, 21.047784 

C,1,2000,Algoritmo_2, 20.240758 

C,2,2000,Algoritmo_2, 9.357667 

C,2,2000,Algoritmo_2, 10.172165 

C,2,2000,Algoritmo_2, 10.236802 

C,2,2000,Algoritmo_2, 9.397665 

C,2,2000,Algoritmo_2, 10.538599 

C,2,2000,Algoritmo_2, 9.707242 

C,2,2000,Algoritmo_2, 9.909119 

C,2,2000,Algoritmo_2, 9.336979 

C,2,2000,Algoritmo_2, 9.336636 

C,2,2000,Algoritmo_2, 9.787893 

C,2,2000,Algoritmo_2, 9.504514 

C,2,2000,Algoritmo_2, 9.867176 

C,2,2000,Algoritmo_2, 10.076163 

C,2,2000,Algoritmo_2, 10.466938 

C,2,2000,Algoritmo_2, 10.417828 

C,2,2000,Algoritmo_2, 10.689191 

C,2,2000,Algoritmo_2, 10.035132 

C,2,2000,Algoritmo_2, 10.428086 

C,2,2000,Algoritmo_2, 9.570070 

C,2,2000,Algoritmo_2, 10.503057 

C,2,2000,Algoritmo_2, 10.474272 

C,2,2000,Algoritmo_2, 9.914373 

C,2,2000,Algoritmo_2, 9.836666 

C,2,2000,Algoritmo_2, 10.457808 

C,2,2000,Algoritmo_2, 9.667887 

C,2,2000,Algoritmo_2, 9.403668 

C,2,2000,Algoritmo_2, 9.631760 

C,2,2000,Algoritmo_2, 10.401879 

C,2,2000,Algoritmo_2, 9.600993 

C,2,2000,Algoritmo_2, 10.547553 

C,2,2000,Algoritmo_2, 10.425964 

C,2,2000,Algoritmo_2, 10.441105 

C,2,2000,Algoritmo_2, 10.366501 

C,2,2000,Algoritmo_2, 10.193009 

C,2,2000,Algoritmo_2, 10.090038 

C,2,2000,Algoritmo_2, 9.801500 

C,4,2000,Algoritmo_2, 4.666245 

C,4,2000,Algoritmo_2, 4.664979 

C,4,2000,Algoritmo_2, 4.666504 

C,4,2000,Algoritmo_2, 4.666288 

C,4,2000,Algoritmo_2, 4.754369 

C,4,2000,Algoritmo_2, 4.669072 

C,4,2000,Algoritmo_2, 4.664514 

C,4,2000,Algoritmo_2, 4.666165 

C,4,2000,Algoritmo_2, 4.666431 

C,4,2000,Algoritmo_2, 4.665119 

C,4,2000,Algoritmo_2, 4.666337 

C,4,2000,Algoritmo_2, 4.665205 

C,4,2000,Algoritmo_2, 4.669660 

C,4,2000,Algoritmo_2, 4.664851 

C,4,2000,Algoritmo_2, 4.667234 

C,4,2000,Algoritmo_2, 4.665915 

C,4,2000,Algoritmo_2, 4.665889 

C,4,2000,Algoritmo_2, 4.666894 

C,4,2000,Algoritmo_2, 4.665714 

C,4,2000,Algoritmo_2, 4.667649 

C,4,2000,Algoritmo_2, 4.665213 

C,4,2000,Algoritmo_2, 4.665112 

C,4,2000,Algoritmo_2, 4.666330 

C,4,2000,Algoritmo_2, 4.663375 

C,4,2000,Algoritmo_2, 4.671376 

C,4,2000,Algoritmo_2, 4.665348 

C,4,2000,Algoritmo_2, 4.668597 

C,4,2000,Algoritmo_2, 4.684499 

C,4,2000,Algoritmo_2, 4.664692 

C,4,2000,Algoritmo_2, 4.667357 

C,4,2000,Algoritmo_2, 4.665336 

C,4,2000,Algoritmo_2, 4.667237 

C,4,2000,Algoritmo_2, 4.666713 

C,4,2000,Algoritmo_2, 4.665584 

C,4,2000,Algoritmo_2, 4.665877 

C,4,2000,Algoritmo_2, 4.665005 

C,8,2000,Algoritmo_2, 3.788117 

C,8,2000,Algoritmo_2, 3.814876 

C,8,2000,Algoritmo_2, 4.104715 

C,8,2000,Algoritmo_2, 3.817871 

C,8,2000,Algoritmo_2, 3.810557 

C,8,2000,Algoritmo_2, 3.829135 

C,8,2000,Algoritmo_2, 3.750573 

C,8,2000,Algoritmo_2, 3.797064 

C,8,2000,Algoritmo_2, 3.759881 

C,8,2000,Algoritmo_2, 3.819948 

C,8,2000,Algoritmo_2, 3.833470 

C,8,2000,Algoritmo_2, 3.783245 

C,8,2000,Algoritmo_2, 3.758021 

C,8,2000,Algoritmo_2, 3.781186 

C,8,2000,Algoritmo_2, 3.772768 

C,8,2000,Algoritmo_2, 3.822379 

C,8,2000,Algoritmo_2, 3.785199 

C,8,2000,Algoritmo_2, 3.779845 

C,8,2000,Algoritmo_2, 3.746440 

C,8,2000,Algoritmo_2, 3.766740 

C,8,2000,Algoritmo_2, 3.818952 

C,8,2000,Algoritmo_2, 4.018813 

C,8,2000,Algoritmo_2, 3.759782 

C,8,2000,Algoritmo_2, 3.822228 

C,8,2000,Algoritmo_2, 3.771030 

C,8,2000,Algoritmo_2, 3.845544 

C,8,2000,Algoritmo_2, 3.783176 

C,8,2000,Algoritmo_2, 3.794824 

C,8,2000,Algoritmo_2, 3.814321 

C,8,2000,Algoritmo_2, 3.815031 

C,8,2000,Algoritmo_2, 3.810651 

C,8,2000,Algoritmo_2, 3.773055 

C,8,2000,Algoritmo_2, 3.775343 

C,8,2000,Algoritmo_2, 3.772189 

C,8,2000,Algoritmo_2, 3.769699 

C,8,2000,Algoritmo_2, 3.802799 

C,1,2000,Algoritmo_3, 47.378326 

C,1,2000,Algoritmo_3, 47.982579 

C,1,2000,Algoritmo_3, 47.643308 

C,1,2000,Algoritmo_3, 47.914339 

C,1,2000,Algoritmo_3, 47.234629 

C,1,2000,Algoritmo_3, 47.805042 

C,1,2000,Algoritmo_3, 49.625804 

C,1,2000,Algoritmo_3, 48.033649 

C,1,2000,Algoritmo_3, 48.128863 

C,1,2000,Algoritmo_3, 47.768619 

C,1,2000,Algoritmo_3, 47.656444 

C,1,2000,Algoritmo_3, 48.189796 

C,1,2000,Algoritmo_3, 47.996290 

C,1,2000,Algoritmo_3, 47.905491 

C,1,2000,Algoritmo_3, 48.015824 

C,1,2000,Algoritmo_3, 48.479234 

C,1,2000,Algoritmo_3, 47.866878 

C,1,2000,Algoritmo_3, 48.090073 

C,1,2000,Algoritmo_3, 47.919736 

C,1,2000,Algoritmo_3, 48.655399 

C,1,2000,Algoritmo_3, 47.979855 

C,1,2000,Algoritmo_3, 47.766508 

C,1,2000,Algoritmo_3, 47.729318 

C,1,2000,Algoritmo_3, 47.791053 

C,1,2000,Algoritmo_3, 47.510340 

C,1,2000,Algoritmo_3, 47.614794 

C,1,2000,Algoritmo_3, 47.249821 

C,1,2000,Algoritmo_3, 48.050718 

C,1,2000,Algoritmo_3, 48.484781 

C,1,2000,Algoritmo_3, 47.570454 

C,1,2000,Algoritmo_3, 48.360742 

C,1,2000,Algoritmo_3, 47.470613 

C,1,2000,Algoritmo_3, 47.891815 

C,1,2000,Algoritmo_3, 48.546821 

C,1,2000,Algoritmo_3, 48.514473 

C,1,2000,Algoritmo_3, 48.111864 

C,2,2000,Algoritmo_3, 23.094759 

C,2,2000,Algoritmo_3, 22.465536 

C,2,2000,Algoritmo_3, 21.305618 

C,2,2000,Algoritmo_3, 22.359864 

C,2,2000,Algoritmo_3, 21.800239 

C,2,2000,Algoritmo_3, 21.718041 

C,2,2000,Algoritmo_3, 22.762337 

C,2,2000,Algoritmo_3, 21.903352 

C,2,2000,Algoritmo_3, 22.537804 

C,2,2000,Algoritmo_3, 22.674249 

C,2,2000,Algoritmo_3, 21.832169 

C,2,2000,Algoritmo_3, 23.770249 

C,2,2000,Algoritmo_3, 21.770588 

C,2,2000,Algoritmo_3, 23.005129 

C,2,2000,Algoritmo_3, 22.842972 

C,2,2000,Algoritmo_3, 22.478533 

C,2,2000,Algoritmo_3, 22.542533 

C,2,2000,Algoritmo_3, 23.811870 

C,2,2000,Algoritmo_3, 22.574560 

C,2,2000,Algoritmo_3, 21.768937 

C,2,2000,Algoritmo_3, 21.300079 

C,2,2000,Algoritmo_3, 21.463612 

C,2,2000,Algoritmo_3, 22.177735 

C,2,2000,Algoritmo_3, 22.955278 

C,2,2000,Algoritmo_3, 21.083008 

C,2,2000,Algoritmo_3, 21.343635 

C,2,2000,Algoritmo_3, 21.834592 

C,2,2000,Algoritmo_3, 22.481521 

C,2,2000,Algoritmo_3, 21.755780 

C,2,2000,Algoritmo_3, 24.201026 

C,2,2000,Algoritmo_3, 22.586368 

C,2,2000,Algoritmo_3, 22.410296 

C,2,2000,Algoritmo_3, 23.168033 

C,2,2000,Algoritmo_3, 23.615926 

C,2,2000,Algoritmo_3, 22.023713 

C,2,2000,Algoritmo_3, 21.036991 

C,4,2000,Algoritmo_3, 10.321497 

C,4,2000,Algoritmo_3, 10.412385 

C,4,2000,Algoritmo_3, 10.681006 

C,4,2000,Algoritmo_3, 10.361875 

C,4,2000,Algoritmo_3, 10.364004 

C,4,2000,Algoritmo_3, 10.273414 

C,4,2000,Algoritmo_3, 10.473451 

C,4,2000,Algoritmo_3, 10.369278 

C,4,2000,Algoritmo_3, 10.323454 

C,4,2000,Algoritmo_3, 10.334426 

C,4,2000,Algoritmo_3, 10.330087 

C,4,2000,Algoritmo_3, 10.354600 

C,4,2000,Algoritmo_3, 10.320061 

C,4,2000,Algoritmo_3, 10.255266 

C,4,2000,Algoritmo_3, 10.317283 

C,4,2000,Algoritmo_3, 10.657039 

C,4,2000,Algoritmo_3, 11.549755 

C,4,2000,Algoritmo_3, 10.320244 

C,4,2000,Algoritmo_3, 10.368159 

C,4,2000,Algoritmo_3, 10.335376 

C,4,2000,Algoritmo_3, 10.435775 

C,4,2000,Algoritmo_3, 10.263432 

C,4,2000,Algoritmo_3, 10.321812 

C,4,2000,Algoritmo_3, 10.348690 

C,4,2000,Algoritmo_3, 10.343788 

C,4,2000,Algoritmo_3, 10.329024 

C,4,2000,Algoritmo_3, 10.332393 

C,4,2000,Algoritmo_3, 10.335390 

C,4,2000,Algoritmo_3, 10.353601 

C,4,2000,Algoritmo_3, 10.247905 

C,4,2000,Algoritmo_3, 10.337838 

C,4,2000,Algoritmo_3, 10.370222 

C,4,2000,Algoritmo_3, 10.291864 

C,4,2000,Algoritmo_3, 10.548380 

C,4,2000,Algoritmo_3, 10.335182 

C,4,2000,Algoritmo_3, 10.366862 

C,8,2000,Algoritmo_3, 10.921024 

C,8,2000,Algoritmo_3, 11.040283 

C,8,2000,Algoritmo_3, 11.388192 

C,8,2000,Algoritmo_3, 11.321242 

C,8,2000,Algoritmo_3, 10.789218 

C,8,2000,Algoritmo_3, 11.489705 

C,8,2000,Algoritmo_3, 11.718170 

C,8,2000,Algoritmo_3, 11.668294 

C,8,2000,Algoritmo_3, 11.748849 

C,8,2000,Algoritmo_3, 11.272186 

C,8,2000,Algoritmo_3, 11.006593 

C,8,2000,Algoritmo_3, 11.675403 

C,8,2000,Algoritmo_3, 11.518340 

C,8,2000,Algoritmo_3, 10.795038 

C,8,2000,Algoritmo_3, 11.449825 

C,8,2000,Algoritmo_3, 11.265967 

C,8,2000,Algoritmo_3, 11.288061 

C,8,2000,Algoritmo_3, 11.161287 

C,8,2000,Algoritmo_3, 11.043290 

C,8,2000,Algoritmo_3, 11.126864 

C,8,2000,Algoritmo_3, 10.872492 

C,8,2000,Algoritmo_3, 10.800299 

C,8,2000,Algoritmo_3, 11.027237 

C,8,2000,Algoritmo_3, 11.030635 

C,8,2000,Algoritmo_3, 10.988035 

C,8,2000,Algoritmo_3, 10.790364 

C,8,2000,Algoritmo_3, 11.267908 

C,8,2000,Algoritmo_3, 10.812556 

C,8,2000,Algoritmo_3, 11.498750 

C,8,2000,Algoritmo_3, 11.910435 

C,8,2000,Algoritmo_3, 11.876239 

C,8,2000,Algoritmo_3, 11.260615 

C,8,2000,Algoritmo_3, 11.292343 

C,8,2000,Algoritmo_3, 10.783542 

C,8,2000,Algoritmo_3, 11.659607 

C,8,2000,Algoritmo_3, 11.734410 

C,1,3000,Algoritmo_1, 158.605362 

C,1,3000,Algoritmo_1, 157.503983 

C,1,3000,Algoritmo_1, 158.019200 

C,1,3000,Algoritmo_1, 158.599008 

C,1,3000,Algoritmo_1, 159.309328 

C,1,3000,Algoritmo_1, 158.472231 

C,1,3000,Algoritmo_1, 160.198204 

C,1,3000,Algoritmo_1, 160.546531 

C,1,3000,Algoritmo_1, 159.529952 

C,1,3000,Algoritmo_1, 157.636881 

C,1,3000,Algoritmo_1, 157.937546 

C,1,3000,Algoritmo_1, 159.085356 

C,1,3000,Algoritmo_1, 163.951398 

C,1,3000,Algoritmo_1, 160.004165 

C,1,3000,Algoritmo_1, 157.945139 

C,1,3000,Algoritmo_1, 158.702330 

C,1,3000,Algoritmo_1, 159.940624 

C,1,3000,Algoritmo_1, 158.208531 

C,1,3000,Algoritmo_1, 156.197696 

C,1,3000,Algoritmo_1, 158.359882 

C,1,3000,Algoritmo_1, 158.159384 

C,1,3000,Algoritmo_1, 157.970810 

C,1,3000,Algoritmo_1, 158.171629 

C,1,3000,Algoritmo_1, 158.448599 

C,1,3000,Algoritmo_1, 160.305145 

C,1,3000,Algoritmo_1, 158.919640 

C,1,3000,Algoritmo_1, 158.153953 

C,1,3000,Algoritmo_1, 157.300008 

C,1,3000,Algoritmo_1, 158.613195 

C,1,3000,Algoritmo_1, 158.773911 

C,1,3000,Algoritmo_1, 158.851254 

C,1,3000,Algoritmo_1, 158.768293 

C,1,3000,Algoritmo_1, 158.412928 

C,1,3000,Algoritmo_1, 158.207913 

C,1,3000,Algoritmo_1, 158.279928 

C,1,3000,Algoritmo_1, 156.969958 

C,2,3000,Algoritmo_1, 79.679663 

C,2,3000,Algoritmo_1, 77.375845 

C,2,3000,Algoritmo_1, 77.358220 

C,2,3000,Algoritmo_1, 77.496424 

C,2,3000,Algoritmo_1, 78.219222 

C,2,3000,Algoritmo_1, 77.170601 

C,2,3000,Algoritmo_1, 77.593570 

C,2,3000,Algoritmo_1, 79.801300 

C,2,3000,Algoritmo_1, 77.557133 

C,2,3000,Algoritmo_1, 78.372436 

C,2,3000,Algoritmo_1, 76.863787 

C,2,3000,Algoritmo_1, 78.036226 

C,2,3000,Algoritmo_1, 77.741133 

C,2,3000,Algoritmo_1, 76.615564 

C,2,3000,Algoritmo_1, 77.013973 

C,2,3000,Algoritmo_1, 77.787152 

C,2,3000,Algoritmo_1, 81.504881 

C,2,3000,Algoritmo_1, 76.952724 

C,2,3000,Algoritmo_1, 77.310640 

C,2,3000,Algoritmo_1, 76.951373 

C,2,3000,Algoritmo_1, 79.906965 

C,2,3000,Algoritmo_1, 77.505048 

C,2,3000,Algoritmo_1, 78.327338 

C,2,3000,Algoritmo_1, 76.719216 

C,2,3000,Algoritmo_1, 76.944116 

C,2,3000,Algoritmo_1, 76.870264 

C,2,3000,Algoritmo_1, 78.224742 

C,2,3000,Algoritmo_1, 76.800540 

C,2,3000,Algoritmo_1, 78.377516 

C,2,3000,Algoritmo_1, 76.947729 

C,2,3000,Algoritmo_1, 76.519808 

C,2,3000,Algoritmo_1, 82.606859 

C,2,3000,Algoritmo_1, 78.755646 

C,2,3000,Algoritmo_1, 78.011274 

C,2,3000,Algoritmo_1, 76.919722 

C,2,3000,Algoritmo_1, 77.463143 

C,4,3000,Algoritmo_1, 35.120699 

C,4,3000,Algoritmo_1, 35.441546 

C,4,3000,Algoritmo_1, 37.739037 

C,4,3000,Algoritmo_1, 35.858288 

C,4,3000,Algoritmo_1, 35.923073 

C,4,3000,Algoritmo_1, 35.160231 

C,4,3000,Algoritmo_1, 34.771249 

C,4,3000,Algoritmo_1, 35.371793 

C,4,3000,Algoritmo_1, 35.754286 

C,4,3000,Algoritmo_1, 35.136680 

C,4,3000,Algoritmo_1, 35.631222 

C,4,3000,Algoritmo_1, 35.353874 

C,4,3000,Algoritmo_1, 36.010954 

C,4,3000,Algoritmo_1, 36.591729 

C,4,3000,Algoritmo_1, 36.193955 

C,4,3000,Algoritmo_1, 35.333172 

C,4,3000,Algoritmo_1, 35.322819 

C,4,3000,Algoritmo_1, 35.819710 

C,4,3000,Algoritmo_1, 35.974762 

C,4,3000,Algoritmo_1, 36.182795 

C,4,3000,Algoritmo_1, 35.720938 

C,4,3000,Algoritmo_1, 35.751033 

C,4,3000,Algoritmo_1, 36.907304 

C,4,3000,Algoritmo_1, 36.729325 

C,4,3000,Algoritmo_1, 36.196824 

C,4,3000,Algoritmo_1, 35.618999 

C,4,3000,Algoritmo_1, 35.320246 

C,4,3000,Algoritmo_1, 35.895556 

C,4,3000,Algoritmo_1, 36.179349 

C,4,3000,Algoritmo_1, 35.861262 

C,4,3000,Algoritmo_1, 35.162677 

C,4,3000,Algoritmo_1, 36.058511 

C,4,3000,Algoritmo_1, 35.934867 

C,4,3000,Algoritmo_1, 35.930155 

C,4,3000,Algoritmo_1, 36.558010 

C,4,3000,Algoritmo_1, 36.101990 

C,8,3000,Algoritmo_1, 35.012352 

C,8,3000,Algoritmo_1, 34.413605 

C,8,3000,Algoritmo_1, 34.967643 

C,8,3000,Algoritmo_1, 34.798833 

C,8,3000,Algoritmo_1, 34.335269 

C,8,3000,Algoritmo_1, 35.971564 

C,8,3000,Algoritmo_1, 34.875814 

C,8,3000,Algoritmo_1, 35.267684 

C,8,3000,Algoritmo_1, 34.996912 

C,8,3000,Algoritmo_1, 34.825469 

C,8,3000,Algoritmo_1, 34.456646 

C,8,3000,Algoritmo_1, 33.927437 

C,8,3000,Algoritmo_1, 35.426944 

C,8,3000,Algoritmo_1, 34.060419 

C,8,3000,Algoritmo_1, 35.098705 

C,8,3000,Algoritmo_1, 35.374215 

C,8,3000,Algoritmo_1, 34.442182 

C,8,3000,Algoritmo_1, 35.242310 

C,8,3000,Algoritmo_1, 34.699114 

C,8,3000,Algoritmo_1, 35.443997 

C,8,3000,Algoritmo_1, 34.054825 

C,8,3000,Algoritmo_1, 34.877202 

C,8,3000,Algoritmo_1, 35.035400 

C,8,3000,Algoritmo_1, 37.475768 

C,8,3000,Algoritmo_1, 34.726281 

C,8,3000,Algoritmo_1, 35.603178 

C,8,3000,Algoritmo_1, 35.557058 

C,8,3000,Algoritmo_1, 34.671413 

C,8,3000,Algoritmo_1, 35.015582 

C,8,3000,Algoritmo_1, 35.039006 

C,8,3000,Algoritmo_1, 35.151413 

C,8,3000,Algoritmo_1, 35.996255 

C,8,3000,Algoritmo_1, 34.853583 

C,8,3000,Algoritmo_1, 35.067025 

C,8,3000,Algoritmo_1, 35.265606 

C,8,3000,Algoritmo_1, 35.521801 

C,1,3000,Algoritmo_2, 71.651744 

C,1,3000,Algoritmo_2, 71.364761 

C,1,3000,Algoritmo_2, 70.711643 

C,1,3000,Algoritmo_2, 71.580098 

C,1,3000,Algoritmo_2, 71.924221 

C,1,3000,Algoritmo_2, 71.546059 

C,1,3000,Algoritmo_2, 71.626319 

C,1,3000,Algoritmo_2, 71.615599 

C,1,3000,Algoritmo_2, 71.288056 

C,1,3000,Algoritmo_2, 70.612896 

C,1,3000,Algoritmo_2, 71.233675 

C,1,3000,Algoritmo_2, 72.010991 

C,1,3000,Algoritmo_2, 71.834670 

C,1,3000,Algoritmo_2, 71.149711 

C,1,3000,Algoritmo_2, 71.831083 

C,1,3000,Algoritmo_2, 70.990935 

C,1,3000,Algoritmo_2, 71.231692 

C,1,3000,Algoritmo_2, 70.989240 

C,1,3000,Algoritmo_2, 70.823020 

C,1,3000,Algoritmo_2, 70.665462 

C,1,3000,Algoritmo_2, 71.243009 

C,1,3000,Algoritmo_2, 71.437668 

C,1,3000,Algoritmo_2, 71.213333 

C,1,3000,Algoritmo_2, 70.734265 

C,1,3000,Algoritmo_2, 70.266048 

C,1,3000,Algoritmo_2, 69.749413 

C,1,3000,Algoritmo_2, 69.833735 

C,1,3000,Algoritmo_2, 71.229981 

C,1,3000,Algoritmo_2, 69.095067 

C,1,3000,Algoritmo_2, 70.483284 

C,1,3000,Algoritmo_2, 71.181170 

C,1,3000,Algoritmo_2, 71.496602 

C,1,3000,Algoritmo_2, 70.719506 

C,1,3000,Algoritmo_2, 71.118117 

C,1,3000,Algoritmo_2, 71.030086 

C,1,3000,Algoritmo_2, 71.025741 

C,2,3000,Algoritmo_2, 32.870778 

C,2,3000,Algoritmo_2, 32.819691 

C,2,3000,Algoritmo_2, 32.352633 

C,2,3000,Algoritmo_2, 32.314046 

C,2,3000,Algoritmo_2, 32.629767 

C,2,3000,Algoritmo_2, 34.258639 

C,2,3000,Algoritmo_2, 34.052087 

C,2,3000,Algoritmo_2, 34.363934 

C,2,3000,Algoritmo_2, 35.982898 

C,2,3000,Algoritmo_2, 35.340679 

C,2,3000,Algoritmo_2, 36.134199 

C,2,3000,Algoritmo_2, 32.096619 

C,2,3000,Algoritmo_2, 32.016334 

C,2,3000,Algoritmo_2, 35.924088 

C,2,3000,Algoritmo_2, 32.432927 

C,2,3000,Algoritmo_2, 33.841257 

C,2,3000,Algoritmo_2, 32.962227 

C,2,3000,Algoritmo_2, 34.008388 

C,2,3000,Algoritmo_2, 33.189982 

C,2,3000,Algoritmo_2, 34.196130 

C,2,3000,Algoritmo_2, 32.976295 

C,2,3000,Algoritmo_2, 34.635524 

C,2,3000,Algoritmo_2, 32.423168 

C,2,3000,Algoritmo_2, 32.398784 

C,2,3000,Algoritmo_2, 34.399059 

C,2,3000,Algoritmo_2, 32.300454 

C,2,3000,Algoritmo_2, 32.780351 

C,2,3000,Algoritmo_2, 32.841572 

C,2,3000,Algoritmo_2, 32.970290 

C,2,3000,Algoritmo_2, 32.777680 

C,2,3000,Algoritmo_2, 34.742194 

C,2,3000,Algoritmo_2, 35.701611 

C,2,3000,Algoritmo_2, 34.069337 

C,2,3000,Algoritmo_2, 33.655703 

C,2,3000,Algoritmo_2, 36.027723 

C,2,3000,Algoritmo_2, 33.115904 

C,4,3000,Algoritmo_2, 15.752067 

C,4,3000,Algoritmo_2, 15.751020 

C,4,3000,Algoritmo_2, 15.749518 

C,4,3000,Algoritmo_2, 15.750735 

C,4,3000,Algoritmo_2, 15.755189 

C,4,3000,Algoritmo_2, 15.754823 

C,4,3000,Algoritmo_2, 15.754207 

C,4,3000,Algoritmo_2, 15.710549 

C,4,3000,Algoritmo_2, 15.754309 

C,4,3000,Algoritmo_2, 15.751940 

C,4,3000,Algoritmo_2, 15.750681 

C,4,3000,Algoritmo_2, 15.751632 

C,4,3000,Algoritmo_2, 15.749345 

C,4,3000,Algoritmo_2, 15.753164 

C,4,3000,Algoritmo_2, 15.749073 

C,4,3000,Algoritmo_2, 15.755226 

C,4,3000,Algoritmo_2, 15.750112 

C,4,3000,Algoritmo_2, 15.747174 

C,4,3000,Algoritmo_2, 15.791955 

C,4,3000,Algoritmo_2, 15.762625 

C,4,3000,Algoritmo_2, 15.752260 

C,4,3000,Algoritmo_2, 15.748118 

C,4,3000,Algoritmo_2, 15.744148 

C,4,3000,Algoritmo_2, 15.755338 

C,4,3000,Algoritmo_2, 15.750481 

C,4,3000,Algoritmo_2, 15.748584 

C,4,3000,Algoritmo_2, 15.749592 

C,4,3000,Algoritmo_2, 15.752467 

C,4,3000,Algoritmo_2, 15.749515 

C,4,3000,Algoritmo_2, 15.751891 

C,4,3000,Algoritmo_2, 15.755838 

C,4,3000,Algoritmo_2, 15.751995 

C,4,3000,Algoritmo_2, 15.749118 

C,4,3000,Algoritmo_2, 15.774255 

C,4,3000,Algoritmo_2, 15.799189 

C,4,3000,Algoritmo_2, 15.749647 

C,8,3000,Algoritmo_2, 12.821713 

C,8,3000,Algoritmo_2, 12.707399 

C,8,3000,Algoritmo_2, 13.018637 

C,8,3000,Algoritmo_2, 12.820530 

C,8,3000,Algoritmo_2, 13.773671 

C,8,3000,Algoritmo_2, 13.640717 

C,8,3000,Algoritmo_2, 13.679981 

C,8,3000,Algoritmo_2, 12.911630 

C,8,3000,Algoritmo_2, 13.487921 

C,8,3000,Algoritmo_2, 12.732864 

C,8,3000,Algoritmo_2, 12.713760 

C,8,3000,Algoritmo_2, 12.764973 

C,8,3000,Algoritmo_2, 13.047190 

C,8,3000,Algoritmo_2, 12.739795 

C,8,3000,Algoritmo_2, 13.484758 

C,8,3000,Algoritmo_2, 13.527054 

C,8,3000,Algoritmo_2, 12.886901 

C,8,3000,Algoritmo_2, 13.151190 

C,8,3000,Algoritmo_2, 12.752290 

C,8,3000,Algoritmo_2, 12.981330 

C,8,3000,Algoritmo_2, 13.461870 

C,8,3000,Algoritmo_2, 13.001896 

C,8,3000,Algoritmo_2, 12.939250 

C,8,3000,Algoritmo_2, 13.656283 

C,8,3000,Algoritmo_2, 12.746835 

C,8,3000,Algoritmo_2, 12.760798 

C,8,3000,Algoritmo_2, 12.833239 

C,8,3000,Algoritmo_2, 12.784754 

C,8,3000,Algoritmo_2, 12.973790 

C,8,3000,Algoritmo_2, 13.608035 

C,8,3000,Algoritmo_2, 12.925661 

C,8,3000,Algoritmo_2, 14.705359 

C,8,3000,Algoritmo_2, 12.833289 

C,8,3000,Algoritmo_2, 13.613396 

C,8,3000,Algoritmo_2, 12.912465 

C,8,3000,Algoritmo_2, 12.787455 

C,1,3000,Algoritmo_3, 184.274211 

C,1,3000,Algoritmo_3, 183.494746 

C,1,3000,Algoritmo_3, 181.745168 

C,1,3000,Algoritmo_3, 183.580477 

C,1,3000,Algoritmo_3, 181.507702 

C,1,3000,Algoritmo_3, 186.734932 

C,1,3000,Algoritmo_3, 184.774741 

C,1,3000,Algoritmo_3, 183.678734 

C,1,3000,Algoritmo_3, 183.750260 

C,1,3000,Algoritmo_3, 182.241141 

C,1,3000,Algoritmo_3, 184.809160 

C,1,3000,Algoritmo_3, 185.025262 

C,1,3000,Algoritmo_3, 183.830719 

C,1,3000,Algoritmo_3, 185.191515 

C,1,3000,Algoritmo_3, 183.849202 

C,1,3000,Algoritmo_3, 185.896861 

C,1,3000,Algoritmo_3, 183.151475 

C,1,3000,Algoritmo_3, 184.763243 

C,1,3000,Algoritmo_3, 183.786339 

C,1,3000,Algoritmo_3, 182.751642 

C,1,3000,Algoritmo_3, 183.521161 

C,1,3000,Algoritmo_3, 183.479575 

C,1,3000,Algoritmo_3, 183.913555 

C,1,3000,Algoritmo_3, 185.147657 

C,1,3000,Algoritmo_3, 184.703358 

C,1,3000,Algoritmo_3, 184.373625 

C,1,3000,Algoritmo_3, 185.568955 

C,1,3000,Algoritmo_3, 183.931004 

C,1,3000,Algoritmo_3, 184.029977 

C,1,3000,Algoritmo_3, 181.826795 

C,1,3000,Algoritmo_3, 183.197606 

C,1,3000,Algoritmo_3, 185.435445 

C,1,3000,Algoritmo_3, 186.488818 

C,1,3000,Algoritmo_3, 183.141929 

C,1,3000,Algoritmo_3, 185.875138 

C,1,3000,Algoritmo_3, 184.644978 

C,2,3000,Algoritmo_3, 90.663090 

C,2,3000,Algoritmo_3, 89.468719 

C,2,3000,Algoritmo_3, 91.386488 

C,2,3000,Algoritmo_3, 92.038590 

C,2,3000,Algoritmo_3, 91.251310 

C,2,3000,Algoritmo_3, 89.038271 

C,2,3000,Algoritmo_3, 89.786655 

C,2,3000,Algoritmo_3, 89.485484 

C,2,3000,Algoritmo_3, 88.783448 

C,2,3000,Algoritmo_3, 90.203053 

C,2,3000,Algoritmo_3, 90.137770 

C,2,3000,Algoritmo_3, 90.607899 

C,2,3000,Algoritmo_3, 90.349742 

C,2,3000,Algoritmo_3, 90.162264 

C,2,3000,Algoritmo_3, 89.672242 

C,2,3000,Algoritmo_3, 89.172697 

C,2,3000,Algoritmo_3, 90.445968 

C,2,3000,Algoritmo_3, 90.388106 

C,2,3000,Algoritmo_3, 91.682516 

C,2,3000,Algoritmo_3, 90.355696 

C,2,3000,Algoritmo_3, 91.613860 

C,2,3000,Algoritmo_3, 90.987700 

C,2,3000,Algoritmo_3, 93.793439 

C,2,3000,Algoritmo_3, 89.011749 

C,2,3000,Algoritmo_3, 89.388585 

C,2,3000,Algoritmo_3, 89.185962 

C,2,3000,Algoritmo_3, 88.275817 

C,2,3000,Algoritmo_3, 90.136060 

C,2,3000,Algoritmo_3, 92.423075 

C,2,3000,Algoritmo_3, 91.079443 

C,2,3000,Algoritmo_3, 93.507804 

C,2,3000,Algoritmo_3, 91.290808 

C,2,3000,Algoritmo_3, 89.267256 

C,2,3000,Algoritmo_3, 93.613774 

C,2,3000,Algoritmo_3, 88.996970 

C,2,3000,Algoritmo_3, 89.843668 

C,4,3000,Algoritmo_3, 41.643372 

C,4,3000,Algoritmo_3, 40.511634 

C,4,3000,Algoritmo_3, 40.675084 

C,4,3000,Algoritmo_3, 41.362956 

C,4,3000,Algoritmo_3, 42.291424 

C,4,3000,Algoritmo_3, 41.663121 

C,4,3000,Algoritmo_3, 41.299069 

C,4,3000,Algoritmo_3, 41.730779 

C,4,3000,Algoritmo_3, 40.802311 

C,4,3000,Algoritmo_3, 41.313880 

C,4,3000,Algoritmo_3, 41.877013 

C,4,3000,Algoritmo_3, 43.992789 

C,4,3000,Algoritmo_3, 41.421546 

C,4,3000,Algoritmo_3, 42.249139 

C,4,3000,Algoritmo_3, 41.789326 

C,4,3000,Algoritmo_3, 41.323613 

C,4,3000,Algoritmo_3, 40.737088 

C,4,3000,Algoritmo_3, 41.812904 

C,4,3000,Algoritmo_3, 41.516082 

C,4,3000,Algoritmo_3, 41.648111 

C,4,3000,Algoritmo_3, 41.074093 

C,4,3000,Algoritmo_3, 41.035738 

C,4,3000,Algoritmo_3, 41.114948 

C,4,3000,Algoritmo_3, 41.378256 

C,4,3000,Algoritmo_3, 41.121230 

C,4,3000,Algoritmo_3, 41.350014 

C,4,3000,Algoritmo_3, 40.826818 

C,4,3000,Algoritmo_3, 41.139255 

C,4,3000,Algoritmo_3, 41.072926 

C,4,3000,Algoritmo_3, 40.638867 

C,4,3000,Algoritmo_3, 41.023406 

C,4,3000,Algoritmo_3, 41.119556 

C,4,3000,Algoritmo_3, 41.664760 

C,4,3000,Algoritmo_3, 41.348820 

C,4,3000,Algoritmo_3, 41.079565 

C,4,3000,Algoritmo_3, 41.564311 

C,8,3000,Algoritmo_3, 41.493122 

C,8,3000,Algoritmo_3, 41.035061 

C,8,3000,Algoritmo_3, 42.490749 

C,8,3000,Algoritmo_3, 41.749058 

C,8,3000,Algoritmo_3, 42.876603 

C,8,3000,Algoritmo_3, 41.173045 

C,8,3000,Algoritmo_3, 39.795137 

C,8,3000,Algoritmo_3, 42.390087 

C,8,3000,Algoritmo_3, 40.172974 

C,8,3000,Algoritmo_3, 40.502734 

C,8,3000,Algoritmo_3, 41.167823 

C,8,3000,Algoritmo_3, 41.872634 

C,8,3000,Algoritmo_3, 41.286652 

C,8,3000,Algoritmo_3, 41.655167 

C,8,3000,Algoritmo_3, 39.867283 

C,8,3000,Algoritmo_3, 42.066927 

C,8,3000,Algoritmo_3, 41.196254 

C,8,3000,Algoritmo_3, 42.517207 

C,8,3000,Algoritmo_3, 44.406584 

C,8,3000,Algoritmo_3, 40.054526 

C,8,3000,Algoritmo_3, 40.698864 

C,8,3000,Algoritmo_3, 41.998909 

C,8,3000,Algoritmo_3, 41.867870 

C,8,3000,Algoritmo_3, 41.383418 

C,8,3000,Algoritmo_3, 40.697661 

C,8,3000,Algoritmo_3, 40.058685 

C,8,3000,Algoritmo_3, 40.995549 

C,8,3000,Algoritmo_3, 41.290545 

C,8,3000,Algoritmo_3, 42.239642 

C,8,3000,Algoritmo_3, 41.870589 

C,8,3000,Algoritmo_3, 40.610772 

C,8,3000,Algoritmo_3, 39.756594 

C,8,3000,Algoritmo_3, 40.518467 

C,8,3000,Algoritmo_3, 40.569482 

C,8,3000,Algoritmo_3, 40.396485 

C,8,3000,Algoritmo_3, 41.486535 

